s,delta,init,seed,budget,global_fun,fun,time_s
0.0,1.0,triv,0,light,-13.8158275139,-13.8161622392,12.9
0.0,1.0,triv,0,base,-13.8158275139,-13.8161622392,12.7
0.0,1.0,triv,1,light,-13.8160068879,-13.8161628044,22.4
0.0,1.0,triv,1,base,-13.8160068879,-13.8161628044,23.0
0.0,1.0,triv,2,light,-13.8137847387,-13.8161628132,12.4
0.0,1.0,triv,2,base,-13.8137847387,-13.8161628132,12.7
0.0,1.0,topo,0,light,-5.6160251505,-5.7261881657,28.4
0.0,1.0,topo,0,base,-5.7259590043,-5.7261883461,39.9
0.0,1.0,topo,1,light,-5.7096491444,-5.7261883117,27.0
0.0,1.0,topo,1,base,-5.7234683256,-5.7261883339,29.7
0.0,1.0,topo,2,light,-5.5585194907,-5.7261884897,28.6
0.0,1.0,topo,2,base,-5.7131996655,-5.7261874299,38.5
0.0,1.0,afm,0,light,-10.8730789376,-10.8731273115,10.1
0.0,1.0,afm,0,base,-10.8730789376,-10.8731273115,10.4
0.0,1.0,afm,1,light,-10.8728865463,-10.8731272981,12.3
0.0,1.0,afm,1,base,-10.8728865463,-10.8731272981,11.2
0.0,1.0,afm,2,light,-10.8731209572,-10.8731273067,13.3
0.0,1.0,afm,2,base,-10.8731209572,-10.8731273067,13.4
0.5,1.0,triv,0,light,-8.6130418763,-8.7039813922,25.0
0.5,1.0,triv,0,base,-8.6940406106,-8.7039806941,47.1
0.5,1.0,triv,1,light,-8.6691320952,-8.7038323242,31.7
0.5,1.0,triv,1,base,-8.6691320952,-8.7038323242,35.1
0.5,1.0,triv,2,light,-8.6666700189,-8.6752010969,34.1
0.5,1.0,triv,2,base,-8.6666700189,-8.6752499775,39.5
0.5,1.0,topo,0,light,-7.1428417861,-7.1491186482,32.8
0.5,1.0,topo,0,base,-7.1428417861,-7.1491264661,33.2
0.5,1.0,topo,1,light,-7.0974279825,-7.1488965249,33.4
0.5,1.0,topo,1,base,-7.1437802542,-7.1491238337,41.5
0.5,1.0,topo,2,light,-7.1230687429,-7.1491222180,34.6
0.5,1.0,topo,2,base,-7.1230687429,-7.1491222180,39.1
0.5,1.0,afm,0,light,-9.5795506665,-9.5876653606,30.6
0.5,1.0,afm,0,base,-9.5854095293,-9.5876666597,36.2
0.5,1.0,afm,1,light,-9.5875050515,-9.5876674052,19.7
0.5,1.0,afm,1,base,-9.5875050515,-9.5876674052,23.4
0.5,1.0,afm,2,light,-9.5828014688,-9.5876678754,18.8
0.5,1.0,afm,2,base,-9.5828014688,-9.5876678754,18.1
0.98,1.0,triv,0,light,-5.7355121489,-5.8808905568,27.4
0.98,1.0,triv,0,base,-5.8775171267,-5.8808905099,31.2
0.98,1.0,triv,1,light,-5.7668123480,-5.8093179633,28.2
0.98,1.0,triv,1,base,-5.8023954762,-5.8093180909,29.9
0.98,1.0,triv,2,light,-5.8182983188,-5.8808908410,27.7
0.98,1.0,triv,2,base,-5.8713419144,-5.8808904328,36.0
0.98,1.0,topo,0,light,-10.1541592465,-10.1548881593,15.0
0.98,1.0,topo,0,base,-10.1541592465,-10.1548881593,16.5
0.98,1.0,topo,1,light,-10.1576918925,-10.1590686648,30.6
0.98,1.0,topo,1,base,-10.1576918925,-10.1590868640,35.2
0.98,1.0,topo,2,light,-10.1582288711,-10.1590832492,29.7
0.98,1.0,topo,2,base,-10.1582288711,-10.1590832492,27.4
0.98,1.0,afm,0,light,-9.3525608932,-9.3690807421,22.4
0.98,1.0,afm,0,base,-9.3666185996,-9.3690808573,34.0
0.98,1.0,afm,1,light,-9.3671623492,-9.3690809602,25.7
0.98,1.0,afm,1,base,-9.3671623492,-9.3690809602,21.8
0.98,1.0,afm,2,light,-9.3586025304,-9.3690808653,16.5
0.98,1.0,afm,2,base,-9.3661800421,-9.3690809649,17.2
