s,delta,ZR_vqe
0.00000000,-1.00000000,1.0000000000
0.02000000,-1.00000000,0.9999999991
0.04000000,-1.00000000,0.9999999730
0.06000000,-1.00000000,0.9999998431
0.08000000,-1.00000000,0.9999994627
0.10000000,-1.00000000,0.9999985549
0.12000000,-1.00000000,0.9999967934
0.14000000,-1.00000000,0.9999934847
0.16000000,-1.00000000,0.9999876497
0.18000000,-1.00000000,0.9999782470
0.20000000,-1.00000000,0.9999658390
0.22000000,-1.00000000,0.9999402659
0.24000000,-1.00000000,0.9999097966
0.26000000,-1.00000000,0.9998589590
0.28000000,-1.00000000,0.9997930404
0.30000000,-1.00000000,0.9996939145
0.32000000,-1.00000000,0.9995701472
0.34000000,-1.00000000,0.9993980869
0.36000000,-1.00000000,0.9991552177
0.38000000,-1.00000000,0.9988490495
0.40000000,-1.00000000,0.9983963785
0.42000000,-1.00000000,0.9978962346
0.44000000,-1.00000000,0.9972334544
0.46000000,-1.00000000,0.9963496280
0.48000000,-1.00000000,0.9952669625
0.50000000,-1.00000000,0.9939440431
0.52000000,-1.00000000,0.9922347093
0.54000000,-1.00000000,0.9898352654
0.56000000,-1.00000000,0.9876860501
0.58000000,-1.00000000,0.9847173496
0.60000000,-1.00000000,0.9812736472
0.62000000,-1.00000000,-0.8328229424
0.64000000,-1.00000000,-0.8527880107
0.66000000,-1.00000000,-0.8717016855
0.68000000,-1.00000000,-0.8896166150
0.70000000,-1.00000000,-0.9059236559
0.72000000,-1.00000000,-0.9198518059
0.74000000,-1.00000000,-0.9347057978
0.76000000,-1.00000000,-0.9448226957
0.78000000,-1.00000000,-0.9552346596
0.80000000,-1.00000000,-0.9643695960
0.82000000,-1.00000000,-0.9721758468
0.84000000,-1.00000000,-0.9788218156
0.86000000,-1.00000000,-0.9844917355
0.88000000,-1.00000000,-0.9890459385
0.90000000,-1.00000000,-0.9928391019
0.92000000,-1.00000000,-0.9955198361
0.94000000,-1.00000000,-0.9975952040
0.96000000,-1.00000000,-0.9989664648
0.98000000,-1.00000000,-0.9999927261
1.00000000,-1.00000000,-0.9999999987
0.00000000,1.00000000,1.0000000000
0.02000000,1.00000000,0.9999997503
0.04000000,1.00000000,0.9999957059
0.06000000,1.00000000,0.9999769647
0.08000000,1.00000000,0.9999237146
0.10000000,1.00000000,0.9998086170
0.12000000,1.00000000,0.9995941499
0.14000000,1.00000000,0.9992392794
0.16000000,1.00000000,0.9987008716
0.18000000,1.00000000,0.9979590737
0.20000000,1.00000000,0.9969618902
0.22000000,1.00000000,0.9957213121
0.24000000,1.00000000,0.9942428400
0.26000000,1.00000000,0.9923684072
0.28000000,1.00000000,0.9902654682
0.30000000,1.00000000,0.9880067100
0.32000000,1.00000000,0.9853553267
0.34000000,1.00000000,0.9829517202
0.36000000,1.00000000,-0.0000000000
0.38000000,1.00000000,0.0000000000
0.40000000,1.00000000,-0.0000000000
0.42000000,1.00000000,-0.0000000000
0.44000000,1.00000000,0.0000000000
0.46000000,1.00000000,0.0000000000
0.48000000,1.00000000,0.0000000000
0.50000000,1.00000000,-0.0000000000
0.52000000,1.00000000,-0.0000000000
0.54000000,1.00000000,-0.0000000000
0.56000000,1.00000000,-0.0000000000
0.58000000,1.00000000,0.0000000000
0.60000000,1.00000000,-0.0000000000
0.62000000,1.00000000,0.0000000000
0.64000000,1.00000000,0.0000000000
0.66000000,1.00000000,0.0000000000
0.68000000,1.00000000,-0.0000000000
0.70000000,1.00000000,-0.0000000000
0.72000000,1.00000000,0.0000000000
0.74000000,1.00000000,-0.0000000000
0.76000000,1.00000000,0.0000000000
0.78000000,1.00000000,-0.0000000000
0.80000000,1.00000000,-0.0000000000
0.82000000,1.00000000,0.0000000000
0.84000000,1.00000000,-0.0000000000
0.86000000,1.00000000,-0.9406611599
0.88000000,1.00000000,-0.9526551814
0.90000000,1.00000000,-0.9649465177
0.92000000,1.00000000,-0.9764293355
0.94000000,1.00000000,-0.9863694775
0.96000000,1.00000000,-0.9939133855
0.98000000,1.00000000,-0.9984657584
1.00000000,1.00000000,-0.9999999876
