s,delta,tilde_ZR,is_degenerate,Z_R,purity_I1,purity_I2
0.00000000,-3.00000000,1.0000000000,0,1.0000000000,1.0000000000,1.0000000000
0.10000000,-3.00000000,0.9996561642,0,0.9965888381,0.9938726529,0.9938726529
0.20000000,-3.00000000,0.9960393884,0,0.9806382458,0.9693143191,0.9693143191
0.30000000,-3.00000000,0.9797901656,0,0.9358412269,0.9123010920,0.9123010920
0.40000000,-3.00000000,0.9230518991,0,0.8263538420,0.8014563254,0.8014563254
0.50000000,-3.00000000,0.7447512568,0,0.5866039293,0.6203937956,0.6203937956
0.60000000,-3.00000000,0.2851288725,0,0.1839351534,0.4161473032,0.4161473032
0.70000000,-3.00000000,-0.3730328062,0,-0.2034520623,0.2974610717,0.2974610717
0.80000000,-3.00000000,-0.7973790502,0,-0.4070776517,0.2606302849,0.2606302849
0.90000000,-3.00000000,-0.9624100272,0,-0.4827842392,0.2516435998,0.2516435998
1.00000000,-3.00000000,-1.0000000000,1,-0.5000000000,0.2500000000,0.2500000000
0.00000000,-2.40000000,1.0000000000,0,1.0000000000,1.0000000000,1.0000000000
0.10000000,-2.40000000,0.9996617493,0,0.9966274732,0.9939386075,0.9939386075
0.20000000,-2.40000000,0.9960993888,0,0.9808503439,0.9696168412,0.9696168412
0.30000000,-2.40000000,0.9800632649,0,0.9364820732,0.9130419130,0.9130419130
0.40000000,-2.40000000,0.9238870771,0,0.8277335178,0.8026815828,0.8026815828
0.50000000,-2.40000000,0.7463449357,0,0.5883573568,0.6214457122,0.6214457122
0.60000000,-2.40000000,0.2852163191,0,0.1839635222,0.4160204609,0.4160204609
0.70000000,-2.40000000,-0.3758119555,0,-0.2048348619,0.2970753127,0.2970753127
0.80000000,-2.40000000,-0.7990561901,0,-0.4078410713,0.2605117266,0.2605117266
0.90000000,-2.40000000,-0.9627902134,0,-0.4829573764,0.2516252810,0.2516252810
1.00000000,-2.40000000,-1.0000000000,1,-0.5000000000,0.2500000000,0.2500000000
0.00000000,-1.80000000,1.0000000000,0,1.0000000000,1.0000000000,1.0000000000
0.10000000,-1.80000000,0.9996794349,0,0.9967508892,0.9941496122,0.9941496122
0.20000000,-1.80000000,0.9962898280,0,0.9815284895,0.9705869040,0.9705869040
0.30000000,-1.80000000,0.9809334100,0,0.9385371867,0.9154274195,0.9154274195
0.40000000,-1.80000000,0.9265666380,0,0.8321876501,0.8066575724,0.8066575724
0.50000000,-1.80000000,0.7515221084,0,0.5940821196,0.6248984396,0.6248984396
0.60000000,-1.80000000,0.2854877843,0,0.1840454198,0.4155994537,0.4155994537
0.70000000,-1.80000000,-0.3848802306,0,-0.2093365568,0.2958277736,0.2958277736
0.80000000,-1.80000000,-0.8044499543,0,-0.4102956081,0.2601331343,0.2601331343
0.90000000,-1.80000000,-0.9640073206,0,-0.4835116979,0.2515667897,0.2515667897
1.00000000,-1.80000000,-1.0000000000,1,-0.5000000000,0.2500000000,0.2500000000
0.00000000,-1.20000000,1.0000000000,0,1.0000000000,1.0000000000,1.0000000000
0.10000000,-1.20000000,0.9997298841,0,0.9971125967,0.9947708648,0.9947708648
0.20000000,-1.20000000,0.9968369949,0,0.9835215396,0.9734630167,0.9734630167
0.30000000,-1.20000000,0.9834630934,0,0.9446321684,0.9225912435,0.9225912435
0.40000000,-1.20000000,0.9345242985,0,0.8456722495,0.8188850893,0.8188850893
0.50000000,-1.20000000,0.7675098953,0,0.6120429870,0.6359103377,0.6359103377
0.60000000,-1.20000000,0.2862094169,0,0.1842018761,0.4142096959,0.4142096959
0.70000000,-1.20000000,-0.4132431881,0,-0.2233171427,0.2920335303,0.2920335303
0.80000000,-1.20000000,-0.8205849818,0,-0.4176326230,0.2590250123,0.2590250123
0.90000000,-1.20000000,-0.9675982767,0,-0.4851476232,0.2513955834,0.2513955834
1.00000000,-1.20000000,-1.0000000000,1,-0.5000000000,0.2500000000,0.2500000000
0.00000000,-0.60000000,1.0000000000,0,1.0000000000,1.0000000000,1.0000000000
0.10000000,-0.60000000,0.9998360584,0,0.9979292047,0.9961893047,0.9961893047
0.20000000,-0.60000000,0.9980105432,0,0.9880543213,0.9801473842,0.9801473842
0.30000000,-0.60000000,0.9890565401,0,0.9588199194,0.9397922466,0.9397922466
0.40000000,-0.60000000,0.9531194497,0,0.8788004368,0.8501310220,0.8501310220
0.50000000,-0.60000000,0.8091114158,0,0.6608686107,0.6671347943,0.6671347943
0.60000000,-0.60000000,0.2874538718,0,0.1840363706,0.4098934652,0.4098934652
0.70000000,-0.60000000,-0.4889355551,0,-0.2599406691,0.2826475497,0.2826475497
0.80000000,-0.60000000,-0.8589453645,0,-0.4350489721,0.2565341656,0.2565341656
0.90000000,-0.60000000,-0.9758465996,0,-0.4889080139,0.2510101052,0.2510101052
1.00000000,-0.60000000,-1.0000000000,1,-0.5000000000,0.2500000000,0.2500000000
0.00000000,0.00000000,1.0000000000,0,1.0000000000,1.0000000000,1.0000000000
0.10000000,0.00000000,0.9999283119,0,0.9987048021,0.9975543022,0.9975543022
0.20000000,0.00000000,0.9990616313,0,0.9924242274,0.9867568616,0.9867568616
0.30000000,0.00000000,0.9943094807,0,0.9730300350,0.9576555530,0.9576555530
0.40000000,0.00000000,0.9721319077,0,0.9149695983,0.8858555941,0.8858555941
0.50000000,0.00000000,0.8600014891,0,0.7246400266,0.7099801915,0.7099801915
0.60000000,0.00000000,0.2901140217,0,0.1841734846,0.4030108804,0.4030108804
0.70000000,0.00000000,-0.5814019517,0,-0.3034190478,0.2723533438,0.2723533438
0.80000000,0.00000000,-0.8983760625,0,-0.4529142114,0.2541648875,0.2541648875
0.90000000,0.00000000,-0.9838845806,0,-0.4925762103,0.2506447183,0.2506447183
1.00000000,0.00000000,-1.0000000000,1,-0.5000000000,0.2500000000,0.2500000000
0.00000000,0.60000000,1.0000000000,0,1.0000000000,1.0000000000,1.0000000000
0.10000000,0.60000000,0.9991874557,0,0.9947210640,0.9910799335,0.9910799335
0.20000000,0.60000000,0.9904369944,0,0.9677854532,0.9547825492,0.9547825492
0.30000000,0.60000000,0.9504986830,0,0.8869008663,0.8706570466,0.8706570466
0.40000000,0.60000000,0.8195504693,0,0.6971747284,0.7236554975,0.7236554975
0.50000000,0.60000000,0.5322913652,0,0.3986095649,0.5607852590,0.5607852590
0.60000000,0.60000000,0.1736328612,0,0.1158013114,0.4447982929,0.4447982929
0.70000000,0.60000000,-0.2225880258,0,-0.1306835399,0.3446975409,0.3446975409
0.80000000,0.60000000,-0.6867815837,0,-0.3586296280,0.2726811078,0.2726811078
0.90000000,0.60000000,-0.9434176858,0,-0.4742241276,0.2526732495,0.2526732495
1.00000000,0.60000000,-1.0000000000,1,-0.5000000000,0.2500000000,0.2500000000
0.00000000,1.20000000,1.0000000000,0,1.0000000000,1.0000000000,1.0000000000
0.10000000,1.20000000,0.9703712670,0,0.9258153435,0.9102755782,0.9102755782
0.20000000,1.20000000,0.7196369539,0,0.5904227160,0.6731303979,0.6731303979
0.30000000,1.20000000,0.3420256053,0,0.2520388669,0.5430224648,0.5430224648
0.40000000,1.20000000,0.1457265433,0,0.1041951111,0.5112312073,0.5112312073
0.50000000,1.20000000,0.0633035872,0,0.0447964662,0.5007614291,0.5007614291
0.60000000,1.20000000,0.0247816359,0,0.0173969565,0.4928180554,0.4928180554
0.70000000,1.20000000,-0.0015727592,0,-0.0010883643,0.4788771296,0.4788771296
0.80000000,1.20000000,-0.0600719328,0,-0.0398006473,0.4389722421,0.4389722421
0.90000000,1.20000000,-0.4567273126,0,-0.2541491121,0.3096443974,0.3096443974
1.00000000,1.20000000,-1.0000000000,1,-0.5000000000,0.2500000000,0.2500000000
0.00000000,1.80000000,1.0000000000,0,1.0000000000,1.0000000000,1.0000000000
0.10000000,1.80000000,0.4425090449,0,0.3332039722,0.5669908312,0.5669908312
0.20000000,1.80000000,0.0945142545,0,0.0673347015,0.5075551652,0.5075551652
0.30000000,1.80000000,0.0318524124,0,0.0225713586,0.5021468506,0.5021468506
0.40000000,1.80000000,0.0130962408,0,0.0092669665,0.5007049532,0.5007049532
0.50000000,1.80000000,0.0057829359,0,0.0040891789,0.5000062733,0.5000062733
0.60000000,1.80000000,0.0024824237,0,0.0017541587,0.4993280409,0.4993280409
0.70000000,1.80000000,0.0006989996,0,0.0004932977,0.4980401873,0.4980401873
0.80000000,1.80000000,-0.0014781036,0,-0.0010389708,0.4940796083,0.4940796083
0.90000000,1.80000000,-0.0205643792,0,-0.0141068372,0.4705741892,0.4705741892
1.00000000,1.80000000,-1.0000000000,1,-0.5000000000,0.2500000000,0.2500000000
0.00000000,2.40000000,1.0000000000,0,1.0000000000,1.0000000000,1.0000000000
0.10000000,2.40000000,0.0431042963,0,0.0305730194,0.5030782530,0.5030782530
0.20000000,2.40000000,0.0084480727,0,0.0059769900,0.5005526622,0.5005526622
0.30000000,2.40000000,0.0028703020,0,0.0020299746,0.5001796455,0.5001796455
0.40000000,2.40000000,0.0011854164,0,0.0008382674,0.5000613979,0.5000613979
0.50000000,2.40000000,0.0005260575,0,0.0003719788,0.5000000516,0.5000000516
0.60000000,2.40000000,0.0002314652,0,0.0001636606,0.4999388728,0.4999388728
0.70000000,2.40000000,0.0000867330,0,0.0000613186,0.4998218800,0.4998218800
0.80000000,2.40000000,-0.0000175189,0,-0.0000123811,0.4994605184,0.4994605184
0.90000000,2.40000000,-0.0005673362,0,-0.0004000679,0.4972631629,0.4972631629
1.00000000,2.40000000,-1.0000000000,1,-0.5000000000,0.2500000000,0.2500000000
0.00000000,3.00000000,1.0000000000,0,1.0000000000,1.0000000000,1.0000000000
0.10000000,3.00000000,0.0038751946,0,0.0027408655,0.5002515310,0.5002515310
0.20000000,3.00000000,0.0007648141,0,0.0005408318,0.5000490680,0.5000490680
0.30000000,3.00000000,0.0002602107,0,0.0001839997,0.5000161739,0.5000161739
0.40000000,3.00000000,0.0001075256,0,0.0000760325,0.5000055490,0.5000055490
0.50000000,3.00000000,0.0000477695,0,0.0000337782,0.5000000006,0.5000000006
0.60000000,3.00000000,0.0000211676,0,0.0000149676,0.4999944552,0.4999944552
0.70000000,3.00000000,0.0000085042,0,0.0000060132,0.4999839249,0.4999839249
0.80000000,3.00000000,0.0000016084,1,0.0000011373,0.4999543453,0.4999543453
0.90000000,3.00000000,-0.0000151096,1,-0.0000106814,0.4997534618,0.4997534618
1.00000000,3.00000000,-1.0000000000,1,-0.5000000000,0.2500000000,0.2500000000
