s,delta,E0,E1
0.00000000,-1.00000000,-24.2177723924,-14.0454498531
0.00500000,-1.00000000,-24.1017742641,-13.9823034514
0.01000000,-1.00000000,-23.9859595544,-13.9193378103
0.01500000,-1.00000000,-23.8703312381,-13.8565556547
0.02000000,-1.00000000,-23.7548923565,-13.7939597652
0.02500000,-1.00000000,-23.6396460186,-13.7315529789
0.03000000,-1.00000000,-23.5245954036,-13.6693381914
0.03500000,-1.00000000,-23.4097437629,-13.6073183582
0.04000000,-1.00000000,-23.2950944216,-13.5454964959
0.04500000,-1.00000000,-23.1806507813,-13.4838756845
0.05000000,-1.00000000,-23.0664163224,-13.4224590686
0.05500000,-1.00000000,-22.9523946056,-13.3612498589
0.06000000,-1.00000000,-22.8385892754,-13.3002513347
0.06500000,-1.00000000,-22.7250040619,-13.2394668451
0.07000000,-1.00000000,-22.6116427835,-13.1788998111
0.07500000,-1.00000000,-22.4985093499,-13.1185537275
0.08000000,-1.00000000,-22.3856077644,-13.0584321650
0.08500000,-1.00000000,-22.2729421272,-12.9985387724
0.09000000,-1.00000000,-22.1605166385,-12.9388772783
0.09500000,-1.00000000,-22.0483356011,-12.8794514939
0.10000000,-1.00000000,-21.9364034240,-12.8202653147
0.10500000,-1.00000000,-21.8247246260,-12.7613227233
0.11000000,-1.00000000,-21.7133038385,-12.7026277919
0.11500000,-1.00000000,-21.6021458100,-12.6441846843
0.12000000,-1.00000000,-21.4912554091,-12.5859976591
0.12500000,-1.00000000,-21.3806376290,-12.5280710720
0.13000000,-1.00000000,-21.2702975912,-12.4704093789
0.13500000,-1.00000000,-21.1602405502,-12.4130171385
0.14000000,-1.00000000,-21.0504718972,-12.3558990155
0.14500000,-1.00000000,-20.9409971656,-12.2990597836
0.15000000,-1.00000000,-20.8318220351,-12.2425043288
0.15500000,-1.00000000,-20.7229523370,-12.1862376525
0.16000000,-1.00000000,-20.6143940593,-12.1302648751
0.16500000,-1.00000000,-20.5061533523,-12.0745912395
0.17000000,-1.00000000,-20.3982365340,-12.0192221146
0.17500000,-1.00000000,-20.2906500961,-11.9641629995
0.18000000,-1.00000000,-20.1834007102,-11.9094195268
0.18500000,-1.00000000,-20.0764952339,-11.8549974673
0.19000000,-1.00000000,-19.9699407181,-11.8009027338
0.19500000,-1.00000000,-19.8637444131,-11.7471413855
0.20000000,-1.00000000,-19.7579137766,-11.6937196326
0.20500000,-1.00000000,-19.6524564811,-11.6406438409
0.21000000,-1.00000000,-19.5473804215,-11.5879205366
0.21500000,-1.00000000,-19.4426937237,-11.5355564111
0.22000000,-1.00000000,-19.3384047532,-11.4835583266
0.22500000,-1.00000000,-19.2345221239,-11.4319333211
0.23000000,-1.00000000,-19.1310547080,-11.3806886137
0.23500000,-1.00000000,-19.0280116452,-11.3298316110
0.24000000,-1.00000000,-18.9254023535,-11.2793699121
0.24500000,-1.00000000,-18.8232365397,-11.2293113154
0.25000000,-1.00000000,-18.7215242110,-11.1796638246
0.25500000,-1.00000000,-18.6202756863,-11.1304356550
0.26000000,-1.00000000,-18.5195016088,-11.0816352407
0.26500000,-1.00000000,-18.4192129588,-11.0332712408
0.27000000,-1.00000000,-18.3194210671,-10.9853525473
0.27500000,-1.00000000,-18.2201376292,-10.9378882918
0.28000000,-1.00000000,-18.1213747199,-10.8908878534
0.28500000,-1.00000000,-18.0231448087,-10.8443608665
0.29000000,-1.00000000,-17.9254607759,-10.8171908259
0.29500000,-1.00000000,-17.8283359295,-10.8059739001
0.30000000,-1.00000000,-17.7317840225,-10.7950655981
0.30500000,-1.00000000,-17.6358192717,-10.7844699692
0.31000000,-1.00000000,-17.5404563764,-10.7741910476
0.31500000,-1.00000000,-17.4457105388,-10.7642328441
0.32000000,-1.00000000,-17.3515974846,-10.7545993357
0.32500000,-1.00000000,-17.2581334849,-10.7452944550
0.33000000,-1.00000000,-17.1653353791,-10.7363220782
0.33500000,-1.00000000,-17.0732205980,-10.7276860122
0.34000000,-1.00000000,-16.9818071889,-10.7193899799
0.34500000,-1.00000000,-16.8911138411,-10.7114376047
0.35000000,-1.00000000,-16.8011599120,-10.7038323935
0.35500000,-1.00000000,-16.7119654549,-10.6965777176
0.36000000,-1.00000000,-16.6235512474,-10.6896767929
0.36500000,-1.00000000,-16.5359388207,-10.6831326576
0.37000000,-1.00000000,-16.4491504897,-10.6769481484
0.37500000,-1.00000000,-16.3632093840,-10.6711258750
0.38000000,-1.00000000,-16.2781394801,-10.6656681927
0.38500000,-1.00000000,-16.1939656332,-10.6605771721
0.39000000,-1.00000000,-16.1107136105,-10.6558545685
0.39500000,-1.00000000,-16.0284101249,-10.6515017872
0.40000000,-1.00000000,-15.9470828676,-10.6475198488
0.40500000,-1.00000000,-15.8667605424,-10.6439093507
0.41000000,-1.00000000,-15.7874728985,-10.6406704277
0.41500000,-1.00000000,-15.7092507628,-10.6378027109
0.42000000,-1.00000000,-15.6321260719,-10.6353052842
0.42500000,-1.00000000,-15.5561319011,-10.6331766400
0.43000000,-1.00000000,-15.4813024931,-10.6314146341
0.43500000,-1.00000000,-15.4076732827,-10.6300164389
0.44000000,-1.00000000,-15.3352809187,-10.6289784978
0.44500000,-1.00000000,-15.2641632815,-10.6282964791
0.45000000,-1.00000000,-15.1943594956,-10.6279652316
0.45500000,-1.00000000,-15.1259099355,-10.6279787417
0.46000000,-1.00000000,-15.0588562251,-10.6283300947
0.46500000,-1.00000000,-14.9932412279,-10.6290114390
0.47000000,-1.00000000,-14.9291090271,-10.6300139564
0.47500000,-1.00000000,-14.8665048944,-10.6313278398
0.48000000,-1.00000000,-14.8054752457,-10.6329422784
0.48500000,-1.00000000,-14.7460675815,-10.6348454539
0.49000000,-1.00000000,-14.6883304111,-10.6370245487
0.49500000,-1.00000000,-14.6323131574,-10.6394657675
0.50000000,-1.00000000,-14.5780660426,-10.6421543754
0.50500000,-1.00000000,-14.5256399505,-10.6450747534
0.51000000,-1.00000000,-14.4750862659,-10.6482104732
0.51500000,-1.00000000,-14.4264566881,-10.6515443942
0.52000000,-1.00000000,-14.3798030194,-10.6735758777
0.52500000,-1.00000000,-14.3351769250,-10.6999009119
0.53000000,-1.00000000,-14.2926296675,-10.7269206865
0.53500000,-1.00000000,-14.2522118135,-10.7546406911
0.54000000,-1.00000000,-14.2139729161,-10.7830662881
0.54500000,-1.00000000,-14.1779611734,-10.8122027022
0.55000000,-1.00000000,-14.1442230678,-10.8420550092
0.55500000,-1.00000000,-14.1128029886,-10.8726281259
0.56000000,-1.00000000,-14.0837428445,-10.9039267994
0.56500000,-1.00000000,-14.0570816714,-10.9359555967
0.57000000,-1.00000000,-14.0328552425,-10.9687188945
0.57500000,-1.00000000,-14.0110956891,-11.0022208695
0.58000000,-1.00000000,-13.9918311392,-11.0364654887
0.58500000,-1.00000000,-13.9750853843,-11.0714564998
0.59000000,-1.00000000,-13.9608775812,-11.1071974222
0.59500000,-1.00000000,-13.9492219980,-11.1436915386
0.60000000,-1.00000000,-13.9401278111,-11.1809418865
0.60500000,-1.00000000,-13.9335989589,-11.2189512501
0.61000000,-1.00000000,-13.9296340587,-11.2577221535
0.61500000,-1.00000000,-13.9282263865,-11.2972568534
0.62000000,-1.00000000,-13.9293639244,-11.3375573328
0.62500000,-1.00000000,-13.9330294714,-11.3786252956
0.63000000,-1.00000000,-13.9392008172,-11.4204621610
0.63500000,-1.00000000,-13.9478509724,-11.4630690590
0.64000000,-1.00000000,-13.9589484507,-11.5064468266
0.64500000,-1.00000000,-13.9724575938,-11.5505960047
0.65000000,-1.00000000,-13.9883389325,-11.5955168351
0.65500000,-1.00000000,-14.0065495740,-11.6412092587
0.66000000,-1.00000000,-14.0270436067,-11.6876729147
0.66500000,-1.00000000,-14.0497725140,-11.7349071394
0.67000000,-1.00000000,-14.0746855894,-11.7829109667
0.67500000,-1.00000000,-14.1017303440,-11.8316831293
0.68000000,-1.00000000,-14.1308529020,-11.8812220596
0.68500000,-1.00000000,-14.1619983767,-11.9315258924
0.69000000,-1.00000000,-14.1951112251,-11.9825924675
0.69500000,-1.00000000,-14.2301355750,-12.0344193336
0.70000000,-1.00000000,-14.2670155249,-12.0870037523
0.70500000,-1.00000000,-14.3056954143,-12.1403427026
0.71000000,-1.00000000,-14.3461200645,-12.1944328869
0.71500000,-1.00000000,-14.3882349887,-12.2492707365
0.72000000,-1.00000000,-14.4319865750,-12.3048524181
0.72500000,-1.00000000,-14.4773222411,-12.3611738409
0.73000000,-1.00000000,-14.5241905631,-12.4182306638
0.73500000,-1.00000000,-14.5725413813,-12.4760183034
0.74000000,-1.00000000,-14.6223258834,-12.5345319424
0.74500000,-1.00000000,-14.6734966685,-12.5937665375
0.75000000,-1.00000000,-14.7260077927,-12.6537168291
0.75500000,-1.00000000,-14.7798148003,-12.7143773498
0.76000000,-1.00000000,-14.8348747395,-12.7757424341
0.76500000,-1.00000000,-14.8911461681,-12.8378062280
0.77000000,-1.00000000,-14.9485891475,-12.9005626984
0.77500000,-1.00000000,-15.0071652290,-12.9640056433
0.78000000,-1.00000000,-15.0668374322,-13.0281287015
0.78500000,-1.00000000,-15.1275702179,-13.0929253626
0.79000000,-1.00000000,-15.1893294560,-13.1583889769
0.79500000,-1.00000000,-15.2520823897,-13.2245127656
0.80000000,-1.00000000,-15.3157975961,-13.2912898303
0.80500000,-1.00000000,-15.3804449456,-13.3587131631
0.81000000,-1.00000000,-15.4459955588,-13.4267756562
0.81500000,-1.00000000,-15.5124217633,-13.4954701114
0.82000000,-1.00000000,-15.5796970489,-13.5647892494
0.82500000,-1.00000000,-15.6477960238,-13.6347257194
0.83000000,-1.00000000,-15.7166943702,-13.7052721076
0.83500000,-1.00000000,-15.7863688009,-13.7764209463
0.84000000,-1.00000000,-15.8567970163,-13.8481647224
0.84500000,-1.00000000,-15.9279576622,-13.9204958857
0.85000000,-1.00000000,-15.9998302895,-13.9934068565
0.85500000,-1.00000000,-16.0723953138,-14.0668900343
0.86000000,-1.00000000,-16.1456339771,-14.1409378043
0.86500000,-1.00000000,-16.2195283103,-14.2155425451
0.87000000,-1.00000000,-16.2940610978,-14.2906966356
0.87500000,-1.00000000,-16.3692158422,-14.3663924613
0.88000000,-1.00000000,-16.4449767317,-14.4426224210
0.88500000,-1.00000000,-16.5213286078,-14.5193789324
0.89000000,-1.00000000,-16.5982569347,-14.5966544381
0.89500000,-1.00000000,-16.6757477706,-14.6744414108
0.90000000,-1.00000000,-16.7537877391,-14.7527323586
0.90500000,-1.00000000,-16.8323640028,-14.8315198295
0.91000000,-1.00000000,-16.9114642379,-14.9107964165
0.91500000,-1.00000000,-16.9910766096,-14.9905547612
0.92000000,-1.00000000,-17.0711897494,-15.0707875580
0.92500000,-1.00000000,-17.1517927324,-15.1514875582
0.93000000,-1.00000000,-17.2328750569,-15.2326475728
0.93500000,-1.00000000,-17.3144266240,-15.3142604760
0.94000000,-1.00000000,-17.3964377186,-15.3963192084
0.94500000,-1.00000000,-17.4788989916,-15.4788167791
0.95000000,-1.00000000,-17.5618014422,-15.5617462688
0.95500000,-1.00000000,-17.6451364019,-15.6451008314
0.96000000,-1.00000000,-17.7288955188,-15.7288736967
0.96500000,-1.00000000,-17.8130707428,-15.8130581717
0.97000000,-1.00000000,-17.8976543116,-15.8976476427
0.97500000,-1.00000000,-17.9826387372,-15.9826355761
0.98000000,-1.00000000,-18.0680167932,-16.0680155205
0.98500000,-1.00000000,-18.1537815030,-16.1537811071
0.99000000,-1.00000000,-18.2399261278,-16.2399260510
0.99500000,-1.00000000,-18.3264441565,-16.3264441517
1.00000000,-1.00000000,-18.4133292943,-16.4133292943
0.00000000,1.00000000,-14.8161628432,-11.8731273138
0.00500000,1.00000000,-14.7472729484,-11.8491554356
0.01000000,1.00000000,-14.6787688360,-11.8251850883
0.01500000,1.00000000,-14.6106565391,-11.8012110808
0.02000000,1.00000000,-14.5429422528,-11.7772280058
0.02500000,1.00000000,-14.4756323401,-11.7532302321
0.03000000,1.00000000,-14.4087333372,-11.7292118954
0.03500000,1.00000000,-14.3422519607,-11.7051668896
0.04000000,1.00000000,-14.2761951127,-11.6810888581
0.04500000,1.00000000,-14.2105698879,-11.6569711839
0.05000000,1.00000000,-14.1453835793,-11.6328069809
0.05500000,1.00000000,-14.0806436849,-11.6085890845
0.06000000,1.00000000,-14.0163579133,-11.5843100419
0.06500000,1.00000000,-13.9525341900,-11.5599621036
0.07000000,1.00000000,-13.8891806629,-11.5355372146
0.07500000,1.00000000,-13.8263057074,-11.5110270057
0.08000000,1.00000000,-13.7639179314,-11.4864227861
0.08500000,1.00000000,-13.7020261790,-11.4617155366
0.09000000,1.00000000,-13.6406395332,-11.4368959035
0.09500000,1.00000000,-13.5797673185,-11.4119541942
0.10000000,1.00000000,-13.5194191009,-11.3868803740
0.10500000,1.00000000,-13.4596046869,-11.3616640648
0.11000000,1.00000000,-13.4003341201,-11.3362945465
0.11500000,1.00000000,-13.3416176763,-11.3107607600
0.12000000,1.00000000,-13.2834658548,-11.2850513140
0.12500000,1.00000000,-13.2258893672,-11.2591544945
0.13000000,1.00000000,-13.1688991229,-11.2330582791
0.13500000,1.00000000,-13.1125062100,-11.2067503542
0.14000000,1.00000000,-13.0567218722,-11.1802181381
0.14500000,1.00000000,-13.0015574810,-11.1534488091
0.15000000,1.00000000,-12.9470245018,-11.1264293384
0.15500000,1.00000000,-12.8931344551,-11.0991465303
0.16000000,1.00000000,-12.8398988714,-11.0715870680
0.16500000,1.00000000,-12.7873292396,-11.0437375663
0.17000000,1.00000000,-12.7354369492,-11.0155846311
0.17500000,1.00000000,-12.6842332253,-10.9871149262
0.18000000,1.00000000,-12.6337290583,-10.9583152464
0.18500000,1.00000000,-12.5839351262,-10.9291725972
0.19000000,1.00000000,-12.5348617119,-10.8996742806
0.19500000,1.00000000,-12.4865186157,-10.8698079866
0.20000000,1.00000000,-12.4389150631,-10.8395618883
0.20500000,1.00000000,-12.3920596103,-10.8089247403
0.21000000,1.00000000,-12.3459600481,-10.7778859795
0.21500000,1.00000000,-12.3006233063,-10.7464358248
0.22000000,1.00000000,-12.2560553595,-10.7145653762
0.22500000,1.00000000,-12.2122611375,-10.6822667087
0.23000000,1.00000000,-12.1692444418,-10.6495329618
0.23500000,1.00000000,-12.1270078696,-10.6163584198
0.24000000,1.00000000,-12.0855527489,-10.5827385826
0.24500000,1.00000000,-12.0448790849,-10.5486702248
0.25000000,1.00000000,-12.0049855201,-10.5141514410
0.25500000,1.00000000,-11.9658693098,-10.4791816759
0.26000000,1.00000000,-11.9275263130,-10.4437617393
0.26500000,1.00000000,-11.8899510000,-10.4078938039
0.27000000,1.00000000,-11.8531364769,-10.3715813870
0.27500000,1.00000000,-11.8170745250,-10.3348293163
0.28000000,1.00000000,-11.7817556571,-10.2976436793
0.28500000,1.00000000,-11.7471691867,-10.2600317603
0.29000000,1.00000000,-11.7133033102,-10.2220019629
0.29500000,1.00000000,-11.6801451992,-10.1835637238
0.30000000,1.00000000,-11.6476811019,-10.1447274164
0.30500000,1.00000000,-11.6158964503,-10.1055042488
0.31000000,1.00000000,-11.5847759718,-10.0659061577
0.31500000,1.00000000,-11.5543038025,-10.0259456998
0.32000000,1.00000000,-11.5244636003,-9.9856359436
0.32500000,1.00000000,-11.4952386563,-9.9449903627
0.33000000,1.00000000,-11.4666120021,-9.9040227334
0.33500000,1.00000000,-11.4385665126,-9.8627470360
0.34000000,1.00000000,-11.4110850018,-9.8211773632
0.34500000,1.00000000,-11.3841503127,-9.7793278349
0.35000000,1.00000000,-11.3577453982,-9.7372125206
0.35500000,1.00000000,-11.3318533955,-9.6948453698
0.36000000,1.00000000,-11.3064576909,-9.6522401502
0.36500000,1.00000000,-11.2815419774,-9.6094103936
0.37000000,1.00000000,-11.2570903043,-9.5663693505
0.37500000,1.00000000,-11.2330871192,-9.5231299513
0.38000000,1.00000000,-11.2095173022,-9.4797047747
0.38500000,1.00000000,-11.1863661948,-9.4361060231
0.39000000,1.00000000,-11.1636196211,-9.3923455035
0.39500000,1.00000000,-11.1412639048,-9.3484346139
0.40000000,1.00000000,-11.1192858804,-9.3043843351
0.40500000,1.00000000,-11.0976729006,-9.2602052266
0.41000000,1.00000000,-11.0764128388,-9.2159074257
0.41500000,1.00000000,-11.0554940899,-9.1715006509
0.42000000,1.00000000,-11.0349055665,-9.1269942078
0.42500000,1.00000000,-11.0146366942,-9.0823969968
0.43000000,1.00000000,-10.9946774038,-9.0377175234
0.43500000,1.00000000,-10.9750181225,-8.9929639104
0.44000000,1.00000000,-10.9556497638,-8.9481439103
0.44500000,1.00000000,-10.9365637163,-8.9094880681
0.45000000,1.00000000,-10.9177518318,-8.8923947158
0.45500000,1.00000000,-10.8992064132,-8.8754636242
0.46000000,1.00000000,-10.8809202014,-8.8586936064
0.46500000,1.00000000,-10.8628863633,-8.8420835705
0.47000000,1.00000000,-10.8450984789,-8.8256325214
0.47500000,1.00000000,-10.8275505289,-8.8093395631
0.48000000,1.00000000,-10.8102368828,-8.7932039009
0.48500000,1.00000000,-10.7931522870,-8.7772248439
0.49000000,1.00000000,-10.7762918538,-8.7614018071
0.49500000,1.00000000,-10.7596510505,-8.7457343147
0.50000000,1.00000000,-10.7432256895,-8.7302220022
0.50500000,1.00000000,-10.7270119188,-8.7148646196
0.51000000,1.00000000,-10.7110062131,-8.6996620345
0.51500000,1.00000000,-10.6952053660,-8.6846142355
0.52000000,1.00000000,-10.6796064822,-8.6697213355
0.52500000,1.00000000,-10.6642069710,-8.6549835755
0.53000000,1.00000000,-10.6490045408,-8.6404013290
0.53500000,1.00000000,-10.6339971933,-8.6259751060
0.54000000,1.00000000,-10.6191832199,-8.6117055575
0.54500000,1.00000000,-10.6045611975,-8.5975934809
0.55000000,1.00000000,-10.5901299862,-8.5836398252
0.55500000,1.00000000,-10.5758887276,-8.5698456965
0.56000000,1.00000000,-10.5618368431,-8.5562123646
0.56500000,1.00000000,-10.5479740346,-8.5427412695
0.57000000,1.00000000,-10.5343002845,-8.5294340285
0.57500000,1.00000000,-10.5208158579,-8.5162924443
0.58000000,1.00000000,-10.5075213048,-8.5033185129
0.58500000,1.00000000,-10.4944174643,-8.4905144330
0.59000000,1.00000000,-10.4815054685,-8.4778826153
0.59500000,1.00000000,-10.4687867487,-8.4654256937
0.60000000,1.00000000,-10.4562630421,-8.4531465360
0.60500000,1.00000000,-10.4439363999,-8.4410482564
0.61000000,1.00000000,-10.4318091961,-8.4291342288
0.61500000,1.00000000,-10.4198841387,-8.4174081011
0.62000000,1.00000000,-10.4081642811,-8.4058738106
0.62500000,1.00000000,-10.3966530360,-8.3945356009
0.63000000,1.00000000,-10.3853541898,-8.3833980399
0.63500000,1.00000000,-10.3742719198,-8.3724660395
0.64000000,1.00000000,-10.3634108126,-8.3617448769
0.64500000,1.00000000,-10.3527758842,-8.3512402175
0.65000000,1.00000000,-10.3423726030,-8.3409581401
0.65500000,1.00000000,-10.3322069141,-8.3309051637
0.66000000,1.00000000,-10.3222852666,-8.3210882771
0.66500000,1.00000000,-10.3126146437,-8.3115149704
0.67000000,1.00000000,-10.3032025947,-8.3021932696
0.67500000,1.00000000,-10.2940572710,-8.2931317741
0.68000000,1.00000000,-10.2851874647,-8.2843396972
0.68500000,1.00000000,-10.2766026510,-8.2758269097
0.69000000,1.00000000,-10.2683130345,-8.2676039880
0.69500000,1.00000000,-10.2603295986,-8.2596822650
0.70000000,1.00000000,-10.2526641609,-8.2520738863
0.70500000,1.00000000,-10.2453294311,-8.2447918701
0.71000000,1.00000000,-10.2383390756,-8.2378501724
0.71500000,1.00000000,-10.2317077858,-8.2312637566
0.72000000,1.00000000,-10.2254513524,-8.2250486689
0.72500000,1.00000000,-10.2195867453,-8.2192221187
0.73000000,1.00000000,-10.2141321977,-8.2138025646
0.73500000,1.00000000,-10.2091072978,-8.2088098057
0.74000000,1.00000000,-10.2045330835,-8.2075506510
0.74500000,1.00000000,-10.2004321440,-8.2526560103
0.75000000,1.00000000,-10.1968287238,-8.2975505661
0.75500000,1.00000000,-10.1937488313,-8.3422163563
0.76000000,1.00000000,-10.1912203484,-8.3866340219
0.76500000,1.00000000,-10.1892731393,-8.4307827151
0.77000000,1.00000000,-10.1879391574,-8.4746400100
0.77500000,1.00000000,-10.1872525440,-8.5181818223
0.78000000,1.00000000,-10.1872497166,-8.5613823399
0.78500000,1.00000000,-10.1879694394,-8.6042139719
0.79000000,1.00000000,-10.1894528698,-8.6466473214
0.79500000,1.00000000,-10.1917435707,-8.6886511922
0.80000000,1.00000000,-10.1948874809,-8.7301926380
0.80500000,1.00000000,-10.1989328291,-8.7712370663
0.81000000,1.00000000,-10.2039299800,-8.8117484099
0.81500000,1.00000000,-10.2099311986,-8.8516893785
0.82000000,1.00000000,-10.2169903181,-8.8910218049
0.82500000,1.00000000,-10.2251622987,-8.9297070986
0.83000000,1.00000000,-10.2345026669,-8.9677068153
0.83500000,1.00000000,-10.2450668293,-9.0049833492
0.84000000,1.00000000,-10.2569092608,-9.0415007463
0.84500000,1.00000000,-10.2700825775,-9.0772256289
0.85000000,1.00000000,-10.2846365145,-9.1121282096
0.85500000,1.00000000,-10.3006168394,-9.1461833632
0.86000000,1.00000000,-10.3180642480,-9.1793717094
0.86500000,1.00000000,-10.3370132957,-9.2116806526
0.87000000,1.00000000,-10.3574914281,-9.2431053136
0.87500000,1.00000000,-10.3795181725,-9.2736492911
0.88000000,1.00000000,-10.4031045513,-9.3033251916
0.88500000,1.00000000,-10.4282527629,-9.3321548818
0.89000000,1.00000000,-10.4549561596,-9.3601694333
0.89500000,1.00000000,-10.4831995281,-9.3874087529
0.90000000,1.00000000,-10.5129596578,-9.4139209168
0.90500000,1.00000000,-10.5442061565,-9.4397612445
0.91000000,1.00000000,-10.5769024609,-9.4649911712
0.91500000,1.00000000,-10.6110069761,-9.4896769808
0.92000000,1.00000000,-10.6464742779,-9.5138884715
0.92500000,1.00000000,-10.6832563143,-9.5376976166
0.93000000,1.00000000,-10.7213035524,-9.5611772775
0.93500000,1.00000000,-10.7605660291,-9.5844000138
0.94000000,1.00000000,-10.8009942783,-9.6074370210
0.94500000,1.00000000,-10.8425401171,-9.6303572142
0.95000000,1.00000000,-10.8851572890,-9.6532264657
0.95500000,1.00000000,-10.9288019664,-9.6761069955
0.96000000,1.00000000,-10.9734331243,-9.6990569071
0.96500000,1.00000000,-11.0190127982,-9.7221298557
0.97000000,1.00000000,-11.0655062423,-9.7453748371
0.97500000,1.00000000,-11.1128820051,-9.7688360807
0.98000000,1.00000000,-11.1611119363,-9.7925530324
0.98500000,1.00000000,-11.2101711398,-9.8165604132
0.99000000,1.00000000,-11.2600378836,-9.8408883409
0.99500000,1.00000000,-11.3106934787,-9.8655625026
1.00000000,1.00000000,-11.3621221324,-9.8906043677
