s,delta,Q_vqe
0.00000000,-1.00000000,1.0000026699
0.02000000,-1.00000000,0.9997767161
0.04000000,-1.00000000,0.9993290462
0.06000000,-1.00000000,0.9997904228
0.08000000,-1.00000000,0.9994334450
0.10000000,-1.00000000,0.9992167015
0.12000000,-1.00000000,0.9980367004
0.14000000,-1.00000000,0.9997714285
0.16000000,-1.00000000,0.9996033070
0.18000000,-1.00000000,0.9981589329
0.20000000,-1.00000000,1.0002267986
0.22000000,-1.00000000,0.9953091049
0.24000000,-1.00000000,0.9997325734
0.26000000,-1.00000000,0.9935494174
0.28000000,-1.00000000,0.9961556792
0.30000000,-1.00000000,0.9942063320
0.32000000,-1.00000000,0.9925280228
0.34000000,-1.00000000,0.9898335900
0.36000000,-1.00000000,1.0043989317
0.38000000,-1.00000000,0.9938497996
0.40000000,-1.00000000,0.9922437289
0.42000000,-1.00000000,0.9952559184
0.44000000,-1.00000000,0.9857712412
0.46000000,-1.00000000,0.9942112345
0.48000000,-1.00000000,0.9895557907
0.50000000,-1.00000000,0.9967111505
0.52000000,-1.00000000,0.9882274707
0.54000000,-1.00000000,0.9812347161
0.56000000,-1.00000000,0.9858560214
0.58000000,-1.00000000,0.9900667447
0.60000000,-1.00000000,-0.1714600029
0.62000000,-1.00000000,-0.2438023447
0.64000000,-1.00000000,-0.3097142531
0.66000000,-1.00000000,-0.3701323502
0.68000000,-1.00000000,-0.4785385834
0.70000000,-1.00000000,-0.5445851295
0.72000000,-1.00000000,-0.5691349985
0.74000000,-1.00000000,-0.6174500789
0.76000000,-1.00000000,-0.6501914081
0.78000000,-1.00000000,-0.7696732851
0.80000000,-1.00000000,-0.7805208749
0.82000000,-1.00000000,-0.8283577773
0.84000000,-1.00000000,-0.8825164133
0.86000000,-1.00000000,-0.9277256223
0.88000000,-1.00000000,-0.9407550579
0.90000000,-1.00000000,-0.9463241995
0.92000000,-1.00000000,-0.9772665176
0.94000000,-1.00000000,-0.9784417203
0.96000000,-1.00000000,-0.9962338646
0.98000000,-1.00000000,-0.9969462724
1.00000000,-1.00000000,-0.9999431433
0.00000000,1.00000000,0.9999951965
0.02000000,1.00000000,0.9814790278
0.04000000,1.00000000,0.9619296753
0.06000000,1.00000000,0.9400070064
0.08000000,1.00000000,0.9184939511
0.10000000,1.00000000,0.8969537779
0.12000000,1.00000000,0.8752264407
0.14000000,1.00000000,0.8539609726
0.16000000,1.00000000,0.8339451770
0.18000000,1.00000000,0.8135697832
0.20000000,1.00000000,0.7950643593
0.22000000,1.00000000,0.7772106364
0.24000000,1.00000000,0.7608061782
0.26000000,1.00000000,0.7457649562
0.28000000,1.00000000,0.7318877955
0.30000000,1.00000000,0.7187982917
0.32000000,1.00000000,0.7089833915
0.34000000,1.00000000,0.6984953833
0.36000000,1.00000000,0.0040753713
0.38000000,1.00000000,0.0045231403
0.40000000,1.00000000,0.0054528563
0.42000000,1.00000000,0.0069572833
0.44000000,1.00000000,0.0051098772
0.46000000,1.00000000,0.0090122924
0.48000000,1.00000000,0.0107823101
0.50000000,1.00000000,0.0124614912
0.52000000,1.00000000,0.0151237974
0.54000000,1.00000000,0.0176291907
0.56000000,1.00000000,0.0200315319
0.58000000,1.00000000,0.0235068249
0.60000000,1.00000000,0.0269586607
0.62000000,1.00000000,0.0311207648
0.64000000,1.00000000,0.0363305758
0.66000000,1.00000000,0.0431119340
0.68000000,1.00000000,0.0497521278
0.70000000,1.00000000,0.0581750104
0.72000000,1.00000000,0.0680947212
0.74000000,1.00000000,0.0782864925
0.76000000,1.00000000,0.0900299464
0.78000000,1.00000000,0.1019082326
0.80000000,1.00000000,0.1180064630
0.82000000,1.00000000,0.1344408150
0.84000000,1.00000000,0.1536203701
0.86000000,1.00000000,0.0449247326
0.88000000,1.00000000,-0.0176470444
0.90000000,1.00000000,-0.0978678416
0.92000000,1.00000000,-0.2154008148
0.94000000,1.00000000,-0.3553655969
0.96000000,1.00000000,-0.5356439045
0.98000000,1.00000000,-0.7899227440
1.00000000,1.00000000,-0.9993545379
