s,delta,E_triv,E_topo,E_afm
0.0,-1.0,-23.2177723895,-9.8666401365,-11.0408080348
0.02,-1.0,-22.7548914987,-9.8394653411,-10.8389275042
0.04,-1.0,-22.2949652506,-9.8154715903,-10.6292462236
0.06,-1.0,-21.8385631960,-9.7952891869,-10.4699296890
0.08,-1.0,-21.3855738869,-9.7785180746,-10.2974395480
0.1,-1.0,-20.9362565667,-9.7655513855,-10.1726616452
0.12,-1.0,-20.4908772691,-9.7566881775,-9.9992819905
0.14,-1.0,-20.0499846510,-9.7522159683,-9.8638014485
0.16,-1.0,-19.6136328693,-9.7524286934,-9.7211805885
0.18,-1.0,-19.1818336767,-9.7576330587,-9.6531239854
0.2,-1.0,-18.7558290650,-9.7681629593,-9.5211558494
0.22,-1.0,-18.3348168528,-9.7843685820,-9.4261811401
0.24,-1.0,-17.9204824509,-9.8066178582,-9.3645311948
0.26,-1.0,-17.5118518757,-9.8352968060,-9.2821279984
0.28,-1.0,-17.1106016540,-9.8708067295,-9.2075372568
0.3,-1.0,-16.7157309703,-9.9135625044,-9.1309545544
0.32,-1.0,-16.3302685456,-9.9639894601,-9.0810402915
0.34,-1.0,-15.9511236977,-10.0225170452,-9.0291219750
0.36,-1.0,-15.5813708687,-10.0895801118,-8.9853101077
0.38,-1.0,-15.2226058812,-10.1656044140,-8.9489653123
0.4,-1.0,-14.8724329408,-10.2510057135,-8.9181487599
0.42,-1.0,-14.5319455391,-10.3461792297,-8.8925732344
0.44,-1.0,-14.1997710793,-10.4514923408,-8.8719888978
0.46,-1.0,-13.8859060953,-10.5672735825,-8.8561829041
0.48,-1.0,-13.5801182047,-10.6938112807,-8.8386493334
0.5,-1.0,-13.2866953407,-10.8313320907,-8.8382605226
0.52,-1.0,-13.0059625871,-10.9800087328,-8.8359324777
0.54,-1.0,-12.7382905571,-11.1399407263,-8.8379260870
0.56,-1.0,-12.4839796777,-11.3111741741,-8.8442369438
0.58,-1.0,-12.2431859294,-11.4936638038,-8.8548721975
0.6,-1.0,-12.0161484846,-11.6873371157,-8.8699656118
0.62,-1.0,-11.8028897169,-11.8919779015,-8.8863328636
0.64,-1.0,-11.6033369236,-12.1074363747,-8.9138778528
0.66,-1.0,-11.4174404051,-12.3332821325,-8.9407886054
0.68,-1.0,-11.2449825687,-12.5695567750,-8.9774976192
0.7,-1.0,-11.0857306673,-12.8155506146,-9.0173961341
0.72,-1.0,-10.9393530072,-13.0697259887,-9.0631958991
0.74,-1.0,-10.8054764138,-13.3340211804,-9.1150757702
0.76,-1.0,-10.6836876280,-13.6085763161,-9.1743606195
0.78,-1.0,-10.5735309093,-13.8884375256,-9.2403921199
0.8,-1.0,-10.4745197363,-14.1789744979,-9.3153267471
0.82,-1.0,-10.3862017140,-14.4741708462,-9.3975034201
0.84,-1.0,-10.3080271176,-14.7790239528,-9.4916678333
0.86,-1.0,-10.2393962572,-15.0886234490,-9.5923414637
0.88,-1.0,-10.1800656600,-15.4043465089,-9.7114922102
0.9,-1.0,-10.1295841594,-15.7268727653,-9.8117963129
0.92,-1.0,-10.0871033025,-16.0549637698,-9.9778615463
0.94,-1.0,-10.0527239461,-16.3876217568,-10.0743894160
0.96,-1.0,-10.0254462338,-16.7249762390,-10.2972122169
0.98,-1.0,-10.0052098101,-17.0670508443,-10.4741171420
1.0,-1.0,-9.9914984616,-17.4133292941,-10.6729286523
0.0,1.0,-13.8161628230,-5.7261884380,-12.1681894853
0.02,1.0,-13.5429344551,-5.7343764277,-12.0090321424
0.04,1.0,-13.2761288891,-5.7470863509,-11.8552123576
0.06,1.0,-13.0160235289,-5.7645554091,-11.7075017214
0.08,1.0,-12.7628181627,-5.7869702259,-11.5655788448
0.1,1.0,-12.5166344423,-5.8144554284,-11.4296931911
0.12,1.0,-12.2771074179,-5.8470430855,-11.2998719703
0.14,1.0,-12.0444694028,-5.8847104907,-11.1760549186
0.16,1.0,-11.8196823834,-5.8982868485,-11.0581473909
0.18,1.0,-11.6007793921,-5.9745169615,-10.9458970680
0.2,1.0,-11.3871471336,-6.0262393388,-10.8390247356
0.22,1.0,-11.1809499052,-6.0820852978,-10.7372840014
0.24,1.0,-10.9795250886,-6.1418044285,-10.6403003238
0.26,1.0,-10.7830145392,-6.2049256193,-10.5478250924
0.28,1.0,-10.5912582637,-6.2601904694,-10.4594006709
0.3,1.0,-10.4036732672,-6.3405352862,-10.3748292300
0.32,1.0,-10.2150807455,-6.4124268284,-10.2936255908
0.34,1.0,-10.0404500050,-6.4867232881,-10.2159353189
0.36,1.0,-9.8639488750,-6.5632096812,-10.1410422116
0.38,1.0,-9.6905296595,-6.6417505384,-10.0690650899
0.4,1.0,-9.5196961320,-6.7221634074,-9.9996106490
0.42,1.0,-9.3520787196,-6.8043673331,-9.9324769205
0.44,1.0,-9.1865592707,-6.8881832558,-9.8678517569
0.46,1.0,-9.0235738061,-6.9736251444,-9.8053153841
0.48,1.0,-8.8627232602,-7.0606177064,-9.7446950694
0.5,1.0,-8.7039860266,-7.1491244456,-9.6863887758
0.52,1.0,-8.5473052816,-7.2391405505,-9.6291692744
0.54,1.0,-8.3926445874,-7.3306908808,-9.5585958131
0.56,1.0,-8.2399830444,-7.4236804068,-9.5233989680
0.58,1.0,-8.0373720261,-7.5185147597,-9.4732640697
0.6,1.0,-7.9407130158,-7.6148617057,-9.4253762317
0.62,1.0,-7.7934794617,-7.7131941937,-9.3766900244
0.64,1.0,-7.6499306287,-7.8133773960,-9.3352206415
0.66,1.0,-7.5080232716,-7.9156599855,-9.2932693224
0.68,1.0,-7.3670141264,-8.0202509560,-9.2576934714
0.7,1.0,-7.2320172825,-8.1273703278,-9.2229553947
0.72,1.0,-7.0984776016,-8.2376533345,-9.1919570583
0.74,1.0,-6.9683647599,-8.3505830107,-9.1643740476
0.76,1.0,-6.8373768205,-8.4678850495,-9.1381347712
0.78,1.0,-6.7202060505,-8.5891628029,-9.1225269609
0.8,1.0,-6.6032632539,-8.7149387280,-9.1113871242
0.82,1.0,-6.4919335879,-8.8458664493,-9.1046704141
0.84,1.0,-6.3869478859,-8.9829077844,-9.1055259433
0.86,1.0,-6.2890577266,-9.1265096333,-9.1140025816
0.88,1.0,-6.1989840253,-9.2774947693,-9.1282460821
0.9,1.0,-6.1173555027,-9.4363376425,-9.1574128623
0.92,1.0,-6.0446290958,-9.6036282720,-9.1940037725
0.94,1.0,-5.9810375066,-9.7797480621,-9.2410775622
0.96,1.0,-5.9265481953,-9.9649415988,-9.2995083531
0.98,1.0,-5.8808914245,-10.1591237843,-9.3690809312
1.0,1.0,-5.8436033438,-10.3621221285,-9.4499080083
