s,delta,O_norm,S_norm
0.00000000,-1.00000000,0.0000000000,0.2499975252
0.02000000,-1.00000000,-0.0000000000,0.2501934901
0.04000000,-1.00000000,0.0000000000,0.2504560239
0.06000000,-1.00000000,-0.0000000000,0.2507774218
0.08000000,-1.00000000,-0.0000000000,0.2509884717
0.10000000,-1.00000000,-0.0000000000,0.2514718060
0.12000000,-1.00000000,0.0000000000,0.2518427333
0.14000000,-1.00000000,0.0000000000,0.2514024865
0.16000000,-1.00000000,-0.0000000000,0.2526476833
0.18000000,-1.00000000,0.0000000000,0.2531202660
0.20000000,-1.00000000,-0.0000000000,0.2528078662
0.22000000,-1.00000000,0.0000000000,0.2524866299
0.24000000,-1.00000000,0.0000000000,0.2545203745
0.26000000,-1.00000000,-0.0000000000,0.2535581114
0.28000000,-1.00000000,-0.0000000000,0.2549767389
0.30000000,-1.00000000,-0.0000000000,0.2528150312
0.32000000,-1.00000000,0.0000000000,0.2556411151
0.34000000,-1.00000000,0.0000000000,0.2563039476
0.36000000,-1.00000000,0.0000000000,0.2555634208
0.38000000,-1.00000000,-0.0000000000,0.2563562027
0.40000000,-1.00000000,-0.0000000000,0.2511553843
0.42000000,-1.00000000,0.0000000000,0.2530672537
0.44000000,-1.00000000,0.0000000000,0.2566250360
0.46000000,-1.00000000,0.0000000000,0.2556411173
0.48000000,-1.00000000,0.0000000000,0.2558229779
0.50000000,-1.00000000,-0.0000000000,0.2558732388
0.52000000,-1.00000000,-0.0000000000,0.2549517163
0.54000000,-1.00000000,0.0000000000,0.2480856980
0.56000000,-1.00000000,-0.0000000000,0.2532040614
0.58000000,-1.00000000,-0.0000000000,0.2522021398
0.60000000,-1.00000000,-0.0000000000,0.2515525500
0.62000000,-1.00000000,0.8544366567,0.1872086655
0.64000000,-1.00000000,0.8698890036,0.1875921286
0.66000000,-1.00000000,0.8789182138,0.1895987013
0.68000000,-1.00000000,0.9318261711,0.1856952940
0.70000000,-1.00000000,0.9429246486,0.1860220007
0.72000000,-1.00000000,0.9188865842,0.1899702684
0.74000000,-1.00000000,0.9609394705,0.1857508398
0.76000000,-1.00000000,0.9586099406,0.1865531340
0.78000000,-1.00000000,0.9601967288,0.1870380971
0.80000000,-1.00000000,0.9682958112,0.1870378076
0.82000000,-1.00000000,0.9734797935,0.1871990644
0.84000000,-1.00000000,0.9726532407,0.1891587602
0.86000000,-1.00000000,0.9874386190,0.1871443490
0.88000000,-1.00000000,0.9897298154,0.1872250232
0.90000000,-1.00000000,0.9907224906,0.1873914802
0.92000000,-1.00000000,0.9914250413,0.1883836584
0.94000000,-1.00000000,0.9981304208,0.1876789046
0.96000000,-1.00000000,0.9980152727,0.1878113851
0.98000000,-1.00000000,1.0000544474,0.1875143784
1.00000000,-1.00000000,1.0000059577,0.1874985195
0.00000000,1.00000000,0.0000000000,0.2499905790
0.02000000,1.00000000,-0.0000000000,0.2642640062
0.04000000,1.00000000,-0.0000000000,0.2793469064
0.06000000,1.00000000,0.0000000000,0.2950116841
0.08000000,1.00000000,0.0000000000,0.3111156649
0.10000000,1.00000000,0.0000000000,0.3272175004
0.12000000,1.00000000,-0.0000000000,0.3433472502
0.14000000,1.00000000,-0.0000000000,0.3591495341
0.16000000,1.00000000,0.0000000000,0.3744268279
0.18000000,1.00000000,-0.0000000000,0.3886812850
0.20000000,1.00000000,0.0000000000,0.4021857829
0.22000000,1.00000000,0.0000000000,0.4145959300
0.24000000,1.00000000,-0.0000000000,0.4258097016
0.26000000,1.00000000,-0.0000000000,0.4365853933
0.28000000,1.00000000,-0.0000000000,0.4460974686
0.30000000,1.00000000,0.0000000000,0.4543720252
0.32000000,1.00000000,-0.0000000000,0.4622795759
0.34000000,1.00000000,-0.0000000000,0.4681557764
0.36000000,1.00000000,0.0000081784,0.9967857879
0.38000000,1.00000000,0.0000114855,0.9961916424
0.40000000,1.00000000,0.0000160157,0.9955037947
0.42000000,1.00000000,0.0000222492,0.9947018262
0.44000000,1.00000000,0.0000303766,0.9938109167
0.46000000,1.00000000,0.0000419182,0.9927319555
0.48000000,1.00000000,0.0000571709,0.9915151480
0.50000000,1.00000000,0.0000780381,0.9900910961
0.52000000,1.00000000,0.0001055861,0.9884796415
0.54000000,1.00000000,0.0001440449,0.9865519054
0.56000000,1.00000000,0.0001947107,0.9843749026
0.58000000,1.00000000,0.0002654531,0.9817702202
0.60000000,1.00000000,0.0003610932,0.9787576483
0.62000000,1.00000000,0.0004906035,0.9752657088
0.64000000,1.00000000,0.0006685658,0.9711619917
0.66000000,1.00000000,0.0009147216,0.9663181103
0.68000000,1.00000000,0.0012529046,0.9606488943
0.70000000,1.00000000,0.0017235792,0.9539408266
0.72000000,1.00000000,0.0023709487,0.9461101657
0.74000000,1.00000000,0.0032771076,0.9368271331
0.76000000,1.00000000,0.0045390030,0.9259084860
0.78000000,1.00000000,0.0062838520,0.9131768473
0.80000000,1.00000000,0.0087362477,0.8981247090
0.82000000,1.00000000,0.0121429665,0.8805840916
0.84000000,1.00000000,0.0168246467,0.8603856537
0.86000000,1.00000000,0.5363583731,0.2562637257
0.88000000,1.00000000,0.5902244454,0.2483600035
0.90000000,1.00000000,0.6504346199,0.2394417767
0.92000000,1.00000000,0.7154413180,0.2296329456
0.94000000,1.00000000,0.7846736919,0.2192382279
0.96000000,1.00000000,0.8559798833,0.2085637998
0.98000000,1.00000000,0.9300849017,0.1982337859
1.00000000,1.00000000,1.0001656161,0.1875314378
