s,delta,task,init,P_hw
0.00000000,-1.00000000,sym,triv,0.7343750000
0.00000000,-1.00000000,sym,topo,6.0625000000
0.00000000,-1.00000000,sym,afm,2.6308593750
0.02000000,-1.00000000,sym,triv,3.0800781250
0.02000000,-1.00000000,sym,topo,5.7148437500
0.02000000,-1.00000000,sym,afm,2.5996093750
0.04000000,-1.00000000,sym,triv,2.3417968750
0.04000000,-1.00000000,sym,topo,5.9257812500
0.04000000,-1.00000000,sym,afm,2.5156250000
0.06000000,-1.00000000,sym,triv,2.4902343750
0.06000000,-1.00000000,sym,topo,5.6015625000
0.06000000,-1.00000000,sym,afm,2.4082031250
0.08000000,-1.00000000,sym,triv,3.0156250000
0.08000000,-1.00000000,sym,topo,6.1464843750
0.08000000,-1.00000000,sym,afm,2.0625000000
0.10000000,-1.00000000,sym,triv,2.4550781250
0.10000000,-1.00000000,sym,topo,5.7753906250
0.10000000,-1.00000000,sym,afm,1.5976562500
0.12000000,-1.00000000,sym,triv,2.7207031250
0.12000000,-1.00000000,sym,topo,5.9453125000
0.12000000,-1.00000000,sym,afm,1.8710937500
0.14000000,-1.00000000,sym,triv,2.4472656250
0.14000000,-1.00000000,sym,topo,5.9941406250
0.14000000,-1.00000000,sym,afm,2.0898437500
0.16000000,-1.00000000,sym,triv,2.7734375000
0.16000000,-1.00000000,sym,topo,6.1933593750
0.16000000,-1.00000000,sym,afm,1.9589843750
0.18000000,-1.00000000,sym,triv,2.2656250000
0.18000000,-1.00000000,sym,topo,5.7578125000
0.18000000,-1.00000000,sym,afm,2.2460937500
0.20000000,-1.00000000,sym,triv,2.6308593750
0.20000000,-1.00000000,sym,topo,5.9296875000
0.20000000,-1.00000000,sym,afm,1.9667968750
0.22000000,-1.00000000,sym,triv,2.4550781250
0.22000000,-1.00000000,sym,topo,5.8808593750
0.22000000,-1.00000000,sym,afm,2.1894531250
0.24000000,-1.00000000,sym,triv,2.1835937500
0.24000000,-1.00000000,sym,topo,5.5683593750
0.24000000,-1.00000000,sym,afm,1.8867187500
0.26000000,-1.00000000,sym,triv,2.6152343750
0.26000000,-1.00000000,sym,topo,5.9023437500
0.26000000,-1.00000000,sym,afm,2.6933593750
0.28000000,-1.00000000,sym,triv,2.5625000000
0.28000000,-1.00000000,sym,topo,6.0410156250
0.28000000,-1.00000000,sym,afm,1.7656250000
0.30000000,-1.00000000,sym,triv,2.1855468750
0.30000000,-1.00000000,sym,topo,5.8847656250
0.30000000,-1.00000000,sym,afm,2.5839843750
0.32000000,-1.00000000,sym,triv,2.3359375000
0.32000000,-1.00000000,sym,topo,5.2382812500
0.32000000,-1.00000000,sym,afm,2.0683593750
0.34000000,-1.00000000,sym,triv,2.1894531250
0.34000000,-1.00000000,sym,topo,5.7871093750
0.34000000,-1.00000000,sym,afm,1.6210937500
0.36000000,-1.00000000,sym,triv,2.5468750000
0.36000000,-1.00000000,sym,topo,6.0703125000
0.36000000,-1.00000000,sym,afm,2.6621093750
0.38000000,-1.00000000,sym,triv,2.8535156250
0.38000000,-1.00000000,sym,topo,5.4570312500
0.38000000,-1.00000000,sym,afm,2.4570312500
0.40000000,-1.00000000,sym,triv,2.4511718750
0.40000000,-1.00000000,sym,topo,5.9335937500
0.40000000,-1.00000000,sym,afm,1.7441406250
0.42000000,-1.00000000,sym,triv,2.7851562500
0.42000000,-1.00000000,sym,topo,5.5605468750
0.42000000,-1.00000000,sym,afm,2.5214843750
0.44000000,-1.00000000,sym,triv,2.2753906250
0.44000000,-1.00000000,sym,topo,5.8437500000
0.44000000,-1.00000000,sym,afm,2.5566406250
0.46000000,-1.00000000,sym,triv,2.5976562500
0.46000000,-1.00000000,sym,topo,5.9160156250
0.46000000,-1.00000000,sym,afm,2.0546875000
0.48000000,-1.00000000,sym,triv,1.9296875000
0.48000000,-1.00000000,sym,topo,6.0175781250
0.48000000,-1.00000000,sym,afm,1.7695312500
0.50000000,-1.00000000,sym,triv,2.3613281250
0.50000000,-1.00000000,sym,topo,5.9101562500
0.50000000,-1.00000000,sym,afm,2.2070312500
0.52000000,-1.00000000,sym,triv,2.6210937500
0.52000000,-1.00000000,sym,topo,6.3496093750
0.52000000,-1.00000000,sym,afm,2.0917968750
0.54000000,-1.00000000,sym,triv,2.9101562500
0.54000000,-1.00000000,sym,topo,6.0781250000
0.54000000,-1.00000000,sym,afm,1.9003906250
0.56000000,-1.00000000,sym,triv,2.3046875000
0.56000000,-1.00000000,sym,topo,6.1562500000
0.56000000,-1.00000000,sym,afm,2.1660156250
0.58000000,-1.00000000,sym,triv,2.5957031250
0.58000000,-1.00000000,sym,topo,5.9335937500
0.58000000,-1.00000000,sym,afm,2.1035156250
0.60000000,-1.00000000,sym,triv,2.7324218750
0.60000000,-1.00000000,sym,topo,6.2695312500
0.60000000,-1.00000000,sym,afm,2.6074218750
0.62000000,-1.00000000,sym,triv,2.3632812500
0.62000000,-1.00000000,sym,topo,5.6835937500
0.62000000,-1.00000000,sym,afm,2.0468750000
0.64000000,-1.00000000,sym,triv,2.2519531250
0.64000000,-1.00000000,sym,topo,5.5195312500
0.64000000,-1.00000000,sym,afm,1.7441406250
0.66000000,-1.00000000,sym,triv,2.5410156250
0.66000000,-1.00000000,sym,topo,4.9902343750
0.66000000,-1.00000000,sym,afm,2.0761718750
0.68000000,-1.00000000,sym,triv,2.1757812500
0.68000000,-1.00000000,sym,topo,5.7441406250
0.68000000,-1.00000000,sym,afm,2.2324218750
0.70000000,-1.00000000,sym,triv,2.5507812500
0.70000000,-1.00000000,sym,topo,5.4199218750
0.70000000,-1.00000000,sym,afm,2.1230468750
0.72000000,-1.00000000,sym,triv,2.0253906250
0.72000000,-1.00000000,sym,topo,6.6230468750
0.72000000,-1.00000000,sym,afm,2.4414062500
0.74000000,-1.00000000,sym,triv,2.1503906250
0.74000000,-1.00000000,sym,topo,5.9570312500
0.74000000,-1.00000000,sym,afm,1.9746093750
0.76000000,-1.00000000,sym,triv,2.6953125000
0.76000000,-1.00000000,sym,topo,5.5449218750
0.76000000,-1.00000000,sym,afm,2.3769531250
0.78000000,-1.00000000,sym,triv,2.1777343750
0.78000000,-1.00000000,sym,topo,6.1074218750
0.78000000,-1.00000000,sym,afm,2.0722656250
0.80000000,-1.00000000,sym,triv,2.9511718750
0.80000000,-1.00000000,sym,topo,6.1113281250
0.80000000,-1.00000000,sym,afm,2.6250000000
0.82000000,-1.00000000,sym,triv,3.0039062500
0.82000000,-1.00000000,sym,topo,6.3691406250
0.82000000,-1.00000000,sym,afm,1.9082031250
0.84000000,-1.00000000,sym,triv,2.1562500000
0.84000000,-1.00000000,sym,topo,6.5000000000
0.84000000,-1.00000000,sym,afm,2.1152343750
0.86000000,-1.00000000,sym,triv,2.7636718750
0.86000000,-1.00000000,sym,topo,5.6308593750
0.86000000,-1.00000000,sym,afm,2.3750000000
0.88000000,-1.00000000,sym,triv,2.3183593750
0.88000000,-1.00000000,sym,topo,5.6484375000
0.88000000,-1.00000000,sym,afm,2.0058593750
0.90000000,-1.00000000,sym,triv,2.8945312500
0.90000000,-1.00000000,sym,topo,6.0371093750
0.90000000,-1.00000000,sym,afm,2.7578125000
0.92000000,-1.00000000,sym,triv,2.3808593750
0.92000000,-1.00000000,sym,topo,6.1367187500
0.92000000,-1.00000000,sym,afm,2.0859375000
0.94000000,-1.00000000,sym,triv,2.5703125000
0.94000000,-1.00000000,sym,topo,6.0390625000
0.94000000,-1.00000000,sym,afm,1.7929687500
0.96000000,-1.00000000,sym,triv,2.2832031250
0.96000000,-1.00000000,sym,topo,5.8046875000
0.96000000,-1.00000000,sym,afm,2.0644531250
0.98000000,-1.00000000,sym,triv,2.4765625000
0.98000000,-1.00000000,sym,topo,5.7929687500
0.98000000,-1.00000000,sym,afm,2.3203125000
1.00000000,-1.00000000,sym,triv,2.7089843750
1.00000000,-1.00000000,sym,topo,4.9414062500
1.00000000,-1.00000000,sym,afm,2.0429687500
0.00000000,1.00000000,sym,triv,0.4199218750
0.00000000,1.00000000,sym,topo,5.3417968750
0.00000000,1.00000000,sym,afm,2.2675781250
0.02000000,1.00000000,sym,triv,2.0019531250
0.02000000,1.00000000,sym,topo,5.6074218750
0.02000000,1.00000000,sym,afm,2.3222656250
0.04000000,1.00000000,sym,triv,2.0097656250
0.04000000,1.00000000,sym,topo,5.5839843750
0.04000000,1.00000000,sym,afm,2.9511718750
0.06000000,1.00000000,sym,triv,1.9882812500
0.06000000,1.00000000,sym,topo,5.4570312500
0.06000000,1.00000000,sym,afm,2.4335937500
0.08000000,1.00000000,sym,triv,2.2988281250
0.08000000,1.00000000,sym,topo,5.4257812500
0.08000000,1.00000000,sym,afm,2.5097656250
0.10000000,1.00000000,sym,triv,2.2128906250
0.10000000,1.00000000,sym,topo,5.0917968750
0.10000000,1.00000000,sym,afm,2.6328125000
0.12000000,1.00000000,sym,triv,1.8613281250
0.12000000,1.00000000,sym,topo,5.9218750000
0.12000000,1.00000000,sym,afm,2.1289062500
0.14000000,1.00000000,sym,triv,2.1933593750
0.14000000,1.00000000,sym,topo,5.7539062500
0.14000000,1.00000000,sym,afm,2.4628906250
0.16000000,1.00000000,sym,triv,2.0742187500
0.16000000,1.00000000,sym,topo,5.2597656250
0.16000000,1.00000000,sym,afm,1.8203125000
0.18000000,1.00000000,sym,triv,1.9316406250
0.18000000,1.00000000,sym,topo,5.5957031250
0.18000000,1.00000000,sym,afm,2.2304687500
0.20000000,1.00000000,sym,triv,1.9296875000
0.20000000,1.00000000,sym,topo,5.5800781250
0.20000000,1.00000000,sym,afm,2.1367187500
0.22000000,1.00000000,sym,triv,2.4238281250
0.22000000,1.00000000,sym,topo,5.1484375000
0.22000000,1.00000000,sym,afm,1.8925781250
0.24000000,1.00000000,sym,triv,2.1757812500
0.24000000,1.00000000,sym,topo,5.5976562500
0.24000000,1.00000000,sym,afm,2.3535156250
0.26000000,1.00000000,sym,triv,2.3281250000
0.26000000,1.00000000,sym,topo,5.7480468750
0.26000000,1.00000000,sym,afm,1.6542968750
0.28000000,1.00000000,sym,triv,1.9023437500
0.28000000,1.00000000,sym,topo,5.7753906250
0.28000000,1.00000000,sym,afm,1.7421875000
0.30000000,1.00000000,sym,triv,2.5078125000
0.30000000,1.00000000,sym,topo,5.6191406250
0.30000000,1.00000000,sym,afm,2.7597656250
0.32000000,1.00000000,sym,triv,2.1328125000
0.32000000,1.00000000,sym,topo,5.7167968750
0.32000000,1.00000000,sym,afm,1.8281250000
0.34000000,1.00000000,sym,triv,2.2050781250
0.34000000,1.00000000,sym,topo,5.8300781250
0.34000000,1.00000000,sym,afm,1.6542968750
0.36000000,1.00000000,sym,triv,1.9726562500
0.36000000,1.00000000,sym,topo,5.5351562500
0.36000000,1.00000000,sym,afm,1.8750000000
0.38000000,1.00000000,sym,triv,1.9511718750
0.38000000,1.00000000,sym,topo,5.2519531250
0.38000000,1.00000000,sym,afm,1.7539062500
0.40000000,1.00000000,sym,triv,1.8203125000
0.40000000,1.00000000,sym,topo,5.1933593750
0.40000000,1.00000000,sym,afm,1.6015625000
0.42000000,1.00000000,sym,triv,1.7773437500
0.42000000,1.00000000,sym,topo,5.4667968750
0.42000000,1.00000000,sym,afm,2.0625000000
0.44000000,1.00000000,sym,triv,2.0664062500
0.44000000,1.00000000,sym,topo,5.8515625000
0.44000000,1.00000000,sym,afm,1.5546875000
0.46000000,1.00000000,sym,triv,2.2675781250
0.46000000,1.00000000,sym,topo,6.1113281250
0.46000000,1.00000000,sym,afm,1.7675781250
0.48000000,1.00000000,sym,triv,2.0351562500
0.48000000,1.00000000,sym,topo,5.6933593750
0.48000000,1.00000000,sym,afm,1.5761718750
0.50000000,1.00000000,sym,triv,2.0820312500
0.50000000,1.00000000,sym,topo,5.9941406250
0.50000000,1.00000000,sym,afm,1.5605468750
0.52000000,1.00000000,sym,triv,1.7910156250
0.52000000,1.00000000,sym,topo,5.3769531250
0.52000000,1.00000000,sym,afm,1.8906250000
0.54000000,1.00000000,sym,triv,1.9257812500
0.54000000,1.00000000,sym,topo,5.3242187500
0.54000000,1.00000000,sym,afm,1.5312500000
0.56000000,1.00000000,sym,triv,1.9335937500
0.56000000,1.00000000,sym,topo,5.7539062500
0.56000000,1.00000000,sym,afm,1.8671875000
0.58000000,1.00000000,sym,triv,1.9375000000
0.58000000,1.00000000,sym,topo,5.4980468750
0.58000000,1.00000000,sym,afm,2.0625000000
0.60000000,1.00000000,sym,triv,1.9570312500
0.60000000,1.00000000,sym,topo,5.2910156250
0.60000000,1.00000000,sym,afm,1.9570312500
0.62000000,1.00000000,sym,triv,1.9902343750
0.62000000,1.00000000,sym,topo,5.5175781250
0.62000000,1.00000000,sym,afm,1.7324218750
0.64000000,1.00000000,sym,triv,2.3554687500
0.64000000,1.00000000,sym,topo,5.1367187500
0.64000000,1.00000000,sym,afm,2.4433593750
0.66000000,1.00000000,sym,triv,1.8906250000
0.66000000,1.00000000,sym,topo,5.4531250000
0.66000000,1.00000000,sym,afm,1.6425781250
0.68000000,1.00000000,sym,triv,2.4882812500
0.68000000,1.00000000,sym,topo,5.3886718750
0.68000000,1.00000000,sym,afm,2.2109375000
0.70000000,1.00000000,sym,triv,2.0546875000
0.70000000,1.00000000,sym,topo,5.3750000000
0.70000000,1.00000000,sym,afm,2.3437500000
0.72000000,1.00000000,sym,triv,1.9687500000
0.72000000,1.00000000,sym,topo,5.1425781250
0.72000000,1.00000000,sym,afm,1.7011718750
0.74000000,1.00000000,sym,triv,2.0878906250
0.74000000,1.00000000,sym,topo,5.7148437500
0.74000000,1.00000000,sym,afm,1.8554687500
0.76000000,1.00000000,sym,triv,2.4882812500
0.76000000,1.00000000,sym,topo,5.6757812500
0.76000000,1.00000000,sym,afm,1.4511718750
0.78000000,1.00000000,sym,triv,2.0917968750
0.78000000,1.00000000,sym,topo,5.9746093750
0.78000000,1.00000000,sym,afm,1.8339843750
0.80000000,1.00000000,sym,triv,1.8222656250
0.80000000,1.00000000,sym,topo,5.6621093750
0.80000000,1.00000000,sym,afm,2.2949218750
0.82000000,1.00000000,sym,triv,2.0078125000
0.82000000,1.00000000,sym,topo,5.1035156250
0.82000000,1.00000000,sym,afm,1.6679687500
0.84000000,1.00000000,sym,triv,2.2070312500
0.84000000,1.00000000,sym,topo,5.9453125000
0.84000000,1.00000000,sym,afm,2.1660156250
0.86000000,1.00000000,sym,triv,2.2675781250
0.86000000,1.00000000,sym,topo,5.8652343750
0.86000000,1.00000000,sym,afm,2.0410156250
0.88000000,1.00000000,sym,triv,2.0136718750
0.88000000,1.00000000,sym,topo,5.2480468750
0.88000000,1.00000000,sym,afm,1.9257812500
0.90000000,1.00000000,sym,triv,2.2851562500
0.90000000,1.00000000,sym,topo,6.1621093750
0.90000000,1.00000000,sym,afm,2.0820312500
0.92000000,1.00000000,sym,triv,2.0878906250
0.92000000,1.00000000,sym,topo,5.8945312500
0.92000000,1.00000000,sym,afm,1.8007812500
0.94000000,1.00000000,sym,triv,2.2343750000
0.94000000,1.00000000,sym,topo,5.6328125000
0.94000000,1.00000000,sym,afm,2.0312500000
0.96000000,1.00000000,sym,triv,2.1152343750
0.96000000,1.00000000,sym,topo,5.7207031250
0.96000000,1.00000000,sym,afm,2.4492187500
0.98000000,1.00000000,sym,triv,2.4277343750
0.98000000,1.00000000,sym,topo,5.8437500000
0.98000000,1.00000000,sym,afm,2.3222656250
1.00000000,1.00000000,sym,triv,2.1171875000
1.00000000,1.00000000,sym,topo,5.6933593750
1.00000000,1.00000000,sym,afm,2.3125000000
0.00000000,-1.00000000,nosym,triv,0.4902343750
0.00000000,-1.00000000,nosym,topo,5.6191406250
0.00000000,-1.00000000,nosym,afm,1.9765625000
0.02000000,-1.00000000,nosym,triv,2.1621093750
0.02000000,-1.00000000,nosym,topo,5.2109375000
0.02000000,-1.00000000,nosym,afm,2.1660156250
0.04000000,-1.00000000,nosym,triv,2.6992187500
0.04000000,-1.00000000,nosym,topo,5.4531250000
0.04000000,-1.00000000,nosym,afm,1.4648437500
0.06000000,-1.00000000,nosym,triv,2.3652343750
0.06000000,-1.00000000,nosym,topo,5.9980468750
0.06000000,-1.00000000,nosym,afm,2.1992187500
0.08000000,-1.00000000,nosym,triv,2.2890625000
0.08000000,-1.00000000,nosym,topo,5.6289062500
0.08000000,-1.00000000,nosym,afm,1.5937500000
0.10000000,-1.00000000,nosym,triv,2.6914062500
0.10000000,-1.00000000,nosym,topo,6.1191406250
0.10000000,-1.00000000,nosym,afm,1.3964843750
0.12000000,-1.00000000,nosym,triv,2.3398437500
0.12000000,-1.00000000,nosym,topo,5.7851562500
0.12000000,-1.00000000,nosym,afm,1.2734375000
0.14000000,-1.00000000,nosym,triv,2.7734375000
0.14000000,-1.00000000,nosym,topo,5.9335937500
0.14000000,-1.00000000,nosym,afm,1.1425781250
0.16000000,-1.00000000,nosym,triv,2.5859375000
0.16000000,-1.00000000,nosym,topo,6.1230468750
0.16000000,-1.00000000,nosym,afm,1.1738281250
0.18000000,-1.00000000,nosym,triv,2.6289062500
0.18000000,-1.00000000,nosym,topo,6.1816406250
0.18000000,-1.00000000,nosym,afm,3.3828125000
0.20000000,-1.00000000,nosym,triv,2.5039062500
0.20000000,-1.00000000,nosym,topo,5.4570312500
0.20000000,-1.00000000,nosym,afm,1.3457031250
0.22000000,-1.00000000,nosym,triv,2.6308593750
0.22000000,-1.00000000,nosym,topo,5.4667968750
0.22000000,-1.00000000,nosym,afm,1.8027343750
0.24000000,-1.00000000,nosym,triv,2.5625000000
0.24000000,-1.00000000,nosym,topo,5.4687500000
0.24000000,-1.00000000,nosym,afm,1.3964843750
0.26000000,-1.00000000,nosym,triv,2.6855468750
0.26000000,-1.00000000,nosym,topo,5.3710937500
0.26000000,-1.00000000,nosym,afm,1.1679687500
0.28000000,-1.00000000,nosym,triv,2.8867187500
0.28000000,-1.00000000,nosym,topo,5.2539062500
0.28000000,-1.00000000,nosym,afm,1.0781250000
0.30000000,-1.00000000,nosym,triv,1.9062500000
0.30000000,-1.00000000,nosym,topo,5.6679687500
0.30000000,-1.00000000,nosym,afm,1.3613281250
0.32000000,-1.00000000,nosym,triv,2.0976562500
0.32000000,-1.00000000,nosym,topo,5.4042968750
0.32000000,-1.00000000,nosym,afm,1.8007812500
0.34000000,-1.00000000,nosym,triv,2.8242187500
0.34000000,-1.00000000,nosym,topo,5.6464843750
0.34000000,-1.00000000,nosym,afm,1.6855468750
0.36000000,-1.00000000,nosym,triv,2.2343750000
0.36000000,-1.00000000,nosym,topo,6.5371093750
0.36000000,-1.00000000,nosym,afm,1.0644531250
0.38000000,-1.00000000,nosym,triv,2.1171875000
0.38000000,-1.00000000,nosym,topo,5.4882812500
0.38000000,-1.00000000,nosym,afm,1.3359375000
0.40000000,-1.00000000,nosym,triv,1.9550781250
0.40000000,-1.00000000,nosym,topo,5.6992187500
0.40000000,-1.00000000,nosym,afm,1.3203125000
0.42000000,-1.00000000,nosym,triv,2.1660156250
0.42000000,-1.00000000,nosym,topo,4.9531250000
0.42000000,-1.00000000,nosym,afm,1.0703125000
0.44000000,-1.00000000,nosym,triv,2.5195312500
0.44000000,-1.00000000,nosym,topo,5.3261718750
0.44000000,-1.00000000,nosym,afm,2.0742187500
0.46000000,-1.00000000,nosym,triv,2.3144531250
0.46000000,-1.00000000,nosym,topo,5.7265625000
0.46000000,-1.00000000,nosym,afm,1.3183593750
0.48000000,-1.00000000,nosym,triv,2.6816406250
0.48000000,-1.00000000,nosym,topo,6.2500000000
0.48000000,-1.00000000,nosym,afm,1.8437500000
0.50000000,-1.00000000,nosym,triv,2.1074218750
0.50000000,-1.00000000,nosym,topo,6.2851562500
0.50000000,-1.00000000,nosym,afm,1.2441406250
0.52000000,-1.00000000,nosym,triv,2.5625000000
0.52000000,-1.00000000,nosym,topo,5.6015625000
0.52000000,-1.00000000,nosym,afm,1.3496093750
0.54000000,-1.00000000,nosym,triv,2.4433593750
0.54000000,-1.00000000,nosym,topo,5.7480468750
0.54000000,-1.00000000,nosym,afm,1.8632812500
0.56000000,-1.00000000,nosym,triv,2.9179687500
0.56000000,-1.00000000,nosym,topo,6.5722656250
0.56000000,-1.00000000,nosym,afm,1.2578125000
0.58000000,-1.00000000,nosym,triv,2.1035156250
0.58000000,-1.00000000,nosym,topo,5.6230468750
0.58000000,-1.00000000,nosym,afm,1.6308593750
0.60000000,-1.00000000,nosym,triv,1.8574218750
0.60000000,-1.00000000,nosym,topo,5.9023437500
0.60000000,-1.00000000,nosym,afm,1.0683593750
0.62000000,-1.00000000,nosym,triv,2.1660156250
0.62000000,-1.00000000,nosym,topo,6.8378906250
0.62000000,-1.00000000,nosym,afm,1.4589843750
0.64000000,-1.00000000,nosym,triv,2.0937500000
0.64000000,-1.00000000,nosym,topo,5.9960937500
0.64000000,-1.00000000,nosym,afm,1.5390625000
0.66000000,-1.00000000,nosym,triv,2.5351562500
0.66000000,-1.00000000,nosym,topo,6.7226562500
0.66000000,-1.00000000,nosym,afm,1.2265625000
0.68000000,-1.00000000,nosym,triv,2.5585937500
0.68000000,-1.00000000,nosym,topo,5.1894531250
0.68000000,-1.00000000,nosym,afm,1.1835937500
0.70000000,-1.00000000,nosym,triv,2.1542968750
0.70000000,-1.00000000,nosym,topo,5.4687500000
0.70000000,-1.00000000,nosym,afm,1.1796875000
0.72000000,-1.00000000,nosym,triv,2.4472656250
0.72000000,-1.00000000,nosym,topo,4.9804687500
0.72000000,-1.00000000,nosym,afm,1.2558593750
0.74000000,-1.00000000,nosym,triv,2.3046875000
0.74000000,-1.00000000,nosym,topo,5.9121093750
0.74000000,-1.00000000,nosym,afm,1.2851562500
0.76000000,-1.00000000,nosym,triv,1.9980468750
0.76000000,-1.00000000,nosym,topo,6.3906250000
0.76000000,-1.00000000,nosym,afm,1.3750000000
0.78000000,-1.00000000,nosym,triv,2.5527343750
0.78000000,-1.00000000,nosym,topo,5.1230468750
0.78000000,-1.00000000,nosym,afm,2.0156250000
0.80000000,-1.00000000,nosym,triv,2.5253906250
0.80000000,-1.00000000,nosym,topo,5.9941406250
0.80000000,-1.00000000,nosym,afm,1.8554687500
0.82000000,-1.00000000,nosym,triv,2.1992187500
0.82000000,-1.00000000,nosym,topo,5.3671875000
0.82000000,-1.00000000,nosym,afm,1.8515625000
0.84000000,-1.00000000,nosym,triv,2.1484375000
0.84000000,-1.00000000,nosym,topo,5.6621093750
0.84000000,-1.00000000,nosym,afm,1.9199218750
0.86000000,-1.00000000,nosym,triv,2.6699218750
0.86000000,-1.00000000,nosym,topo,5.7812500000
0.86000000,-1.00000000,nosym,afm,1.5703125000
0.88000000,-1.00000000,nosym,triv,2.8242187500
0.88000000,-1.00000000,nosym,topo,5.6171875000
0.88000000,-1.00000000,nosym,afm,0.9160156250
0.90000000,-1.00000000,nosym,triv,2.3125000000
0.90000000,-1.00000000,nosym,topo,5.7617187500
0.90000000,-1.00000000,nosym,afm,1.3496093750
0.92000000,-1.00000000,nosym,triv,2.3046875000
0.92000000,-1.00000000,nosym,topo,5.6816406250
0.92000000,-1.00000000,nosym,afm,2.0253906250
0.94000000,-1.00000000,nosym,triv,2.0488281250
0.94000000,-1.00000000,nosym,topo,5.4843750000
0.94000000,-1.00000000,nosym,afm,1.9531250000
0.96000000,-1.00000000,nosym,triv,2.7558593750
0.96000000,-1.00000000,nosym,topo,5.8535156250
0.96000000,-1.00000000,nosym,afm,1.8710937500
0.98000000,-1.00000000,nosym,triv,2.5468750000
0.98000000,-1.00000000,nosym,topo,7.3339843750
0.98000000,-1.00000000,nosym,afm,1.9375000000
1.00000000,-1.00000000,nosym,triv,2.4765625000
1.00000000,-1.00000000,nosym,topo,4.7675781250
1.00000000,-1.00000000,nosym,afm,1.6308593750
0.00000000,1.00000000,nosym,triv,0.6308593750
0.00000000,1.00000000,nosym,topo,5.8203125000
0.00000000,1.00000000,nosym,afm,2.3828125000
0.02000000,1.00000000,nosym,triv,2.2617187500
0.02000000,1.00000000,nosym,topo,5.8554687500
0.02000000,1.00000000,nosym,afm,2.0976562500
0.04000000,1.00000000,nosym,triv,1.8828125000
0.04000000,1.00000000,nosym,topo,6.6054687500
0.04000000,1.00000000,nosym,afm,2.2792968750
0.06000000,1.00000000,nosym,triv,2.1679687500
0.06000000,1.00000000,nosym,topo,5.3554687500
0.06000000,1.00000000,nosym,afm,2.5742187500
0.08000000,1.00000000,nosym,triv,2.3339843750
0.08000000,1.00000000,nosym,topo,5.9492187500
0.08000000,1.00000000,nosym,afm,1.8750000000
0.10000000,1.00000000,nosym,triv,2.2988281250
0.10000000,1.00000000,nosym,topo,5.6484375000
0.10000000,1.00000000,nosym,afm,1.1738281250
0.12000000,1.00000000,nosym,triv,2.2910156250
0.12000000,1.00000000,nosym,topo,5.3964843750
0.12000000,1.00000000,nosym,afm,2.1347656250
0.14000000,1.00000000,nosym,triv,1.8222656250
0.14000000,1.00000000,nosym,topo,5.1152343750
0.14000000,1.00000000,nosym,afm,2.3222656250
0.16000000,1.00000000,nosym,triv,2.5058593750
0.16000000,1.00000000,nosym,topo,5.4609375000
0.16000000,1.00000000,nosym,afm,1.1757812500
0.18000000,1.00000000,nosym,triv,2.7148437500
0.18000000,1.00000000,nosym,topo,5.5000000000
0.18000000,1.00000000,nosym,afm,2.0136718750
0.20000000,1.00000000,nosym,triv,2.1601562500
0.20000000,1.00000000,nosym,topo,6.3085937500
0.20000000,1.00000000,nosym,afm,1.2714843750
0.22000000,1.00000000,nosym,triv,2.3925781250
0.22000000,1.00000000,nosym,topo,5.3066406250
0.22000000,1.00000000,nosym,afm,1.0058593750
0.24000000,1.00000000,nosym,triv,2.2656250000
0.24000000,1.00000000,nosym,topo,5.3769531250
0.24000000,1.00000000,nosym,afm,1.4667968750
0.26000000,1.00000000,nosym,triv,2.1738281250
0.26000000,1.00000000,nosym,topo,6.0917968750
0.26000000,1.00000000,nosym,afm,1.1171875000
0.28000000,1.00000000,nosym,triv,2.1816406250
0.28000000,1.00000000,nosym,topo,5.5078125000
0.28000000,1.00000000,nosym,afm,1.1914062500
0.30000000,1.00000000,nosym,triv,2.0253906250
0.30000000,1.00000000,nosym,topo,5.7832031250
0.30000000,1.00000000,nosym,afm,1.2050781250
0.32000000,1.00000000,nosym,triv,2.0585937500
0.32000000,1.00000000,nosym,topo,5.7617187500
0.32000000,1.00000000,nosym,afm,2.0292968750
0.34000000,1.00000000,nosym,triv,1.8691406250
0.34000000,1.00000000,nosym,topo,6.2480468750
0.34000000,1.00000000,nosym,afm,1.0429687500
0.36000000,1.00000000,nosym,triv,2.5000000000
0.36000000,1.00000000,nosym,topo,5.5820312500
0.36000000,1.00000000,nosym,afm,1.0996093750
0.38000000,1.00000000,nosym,triv,2.0332031250
0.38000000,1.00000000,nosym,topo,5.7226562500
0.38000000,1.00000000,nosym,afm,1.2695312500
0.40000000,1.00000000,nosym,triv,2.5429687500
0.40000000,1.00000000,nosym,topo,5.3066406250
0.40000000,1.00000000,nosym,afm,1.1328125000
0.42000000,1.00000000,nosym,triv,2.1933593750
0.42000000,1.00000000,nosym,topo,6.0800781250
0.42000000,1.00000000,nosym,afm,1.8164062500
0.44000000,1.00000000,nosym,triv,2.1875000000
0.44000000,1.00000000,nosym,topo,6.0917968750
0.44000000,1.00000000,nosym,afm,2.6914062500
0.46000000,1.00000000,nosym,triv,2.2148437500
0.46000000,1.00000000,nosym,topo,5.1171875000
0.46000000,1.00000000,nosym,afm,2.0820312500
0.48000000,1.00000000,nosym,triv,1.9726562500
0.48000000,1.00000000,nosym,topo,5.7265625000
0.48000000,1.00000000,nosym,afm,1.3398437500
0.50000000,1.00000000,nosym,triv,2.2363281250
0.50000000,1.00000000,nosym,topo,5.0820312500
0.50000000,1.00000000,nosym,afm,1.3359375000
0.52000000,1.00000000,nosym,triv,1.8476562500
0.52000000,1.00000000,nosym,topo,5.0996093750
0.52000000,1.00000000,nosym,afm,1.1425781250
0.54000000,1.00000000,nosym,triv,2.1738281250
0.54000000,1.00000000,nosym,topo,5.7714843750
0.54000000,1.00000000,nosym,afm,1.1894531250
0.56000000,1.00000000,nosym,triv,1.9160156250
0.56000000,1.00000000,nosym,topo,5.3964843750
0.56000000,1.00000000,nosym,afm,1.1660156250
0.58000000,1.00000000,nosym,triv,2.2832031250
0.58000000,1.00000000,nosym,topo,5.5644531250
0.58000000,1.00000000,nosym,afm,1.1757812500
0.60000000,1.00000000,nosym,triv,2.0605468750
0.60000000,1.00000000,nosym,topo,5.9511718750
0.60000000,1.00000000,nosym,afm,1.4511718750
0.62000000,1.00000000,nosym,triv,2.1503906250
0.62000000,1.00000000,nosym,topo,5.5585937500
0.62000000,1.00000000,nosym,afm,1.3984375000
0.64000000,1.00000000,nosym,triv,1.8652343750
0.64000000,1.00000000,nosym,topo,5.7265625000
0.64000000,1.00000000,nosym,afm,1.0917968750
0.66000000,1.00000000,nosym,triv,2.3242187500
0.66000000,1.00000000,nosym,topo,5.2187500000
0.66000000,1.00000000,nosym,afm,0.9785156250
0.68000000,1.00000000,nosym,triv,2.2890625000
0.68000000,1.00000000,nosym,topo,5.6855468750
0.68000000,1.00000000,nosym,afm,1.5136718750
0.70000000,1.00000000,nosym,triv,2.4140625000
0.70000000,1.00000000,nosym,topo,5.7343750000
0.70000000,1.00000000,nosym,afm,1.0156250000
0.72000000,1.00000000,nosym,triv,2.2050781250
0.72000000,1.00000000,nosym,topo,5.6171875000
0.72000000,1.00000000,nosym,afm,1.1347656250
0.74000000,1.00000000,nosym,triv,1.9824218750
0.74000000,1.00000000,nosym,topo,5.6386718750
0.74000000,1.00000000,nosym,afm,1.0117187500
0.76000000,1.00000000,nosym,triv,2.2929687500
0.76000000,1.00000000,nosym,topo,5.3105468750
0.76000000,1.00000000,nosym,afm,1.1992187500
0.78000000,1.00000000,nosym,triv,2.6093750000
0.78000000,1.00000000,nosym,topo,6.1269531250
0.78000000,1.00000000,nosym,afm,1.3457031250
0.80000000,1.00000000,nosym,triv,2.2109375000
0.80000000,1.00000000,nosym,topo,5.7402343750
0.80000000,1.00000000,nosym,afm,1.2792968750
0.82000000,1.00000000,nosym,triv,1.9179687500
0.82000000,1.00000000,nosym,topo,5.1816406250
0.82000000,1.00000000,nosym,afm,1.5703125000
0.84000000,1.00000000,nosym,triv,1.9082031250
0.84000000,1.00000000,nosym,topo,5.9042968750
0.84000000,1.00000000,nosym,afm,1.3535156250
0.86000000,1.00000000,nosym,triv,1.9316406250
0.86000000,1.00000000,nosym,topo,5.7167968750
0.86000000,1.00000000,nosym,afm,1.3496093750
0.88000000,1.00000000,nosym,triv,2.2929687500
0.88000000,1.00000000,nosym,topo,5.3046875000
0.88000000,1.00000000,nosym,afm,1.6445312500
0.90000000,1.00000000,nosym,triv,2.1699218750
0.90000000,1.00000000,nosym,topo,5.4277343750
0.90000000,1.00000000,nosym,afm,1.3652343750
0.92000000,1.00000000,nosym,triv,2.0507812500
0.92000000,1.00000000,nosym,topo,5.6914062500
0.92000000,1.00000000,nosym,afm,1.3261718750
0.94000000,1.00000000,nosym,triv,2.1953125000
0.94000000,1.00000000,nosym,topo,6.4726562500
0.94000000,1.00000000,nosym,afm,1.3828125000
0.96000000,1.00000000,nosym,triv,2.3144531250
0.96000000,1.00000000,nosym,topo,5.2460937500
0.96000000,1.00000000,nosym,afm,1.3671875000
0.98000000,1.00000000,nosym,triv,2.0664062500
0.98000000,1.00000000,nosym,topo,5.3789062500
0.98000000,1.00000000,nosym,afm,1.4531250000
1.00000000,1.00000000,nosym,triv,2.2695312500
1.00000000,1.00000000,nosym,topo,5.7792968750
1.00000000,1.00000000,nosym,afm,2.0859375000
