s,delta,init,P_exp
0.00000000,-1.00000000,triv,-1.0000000000
0.02000000,-1.00000000,triv,-1.0000000000
0.04000000,-1.00000000,triv,-1.0000000000
0.06000000,-1.00000000,triv,-1.0000000000
0.08000000,-1.00000000,triv,-1.0000000000
0.10000000,-1.00000000,triv,-1.0000000000
0.12000000,-1.00000000,triv,-1.0000000000
0.14000000,-1.00000000,triv,-1.0000000000
0.16000000,-1.00000000,triv,-1.0000000000
0.18000000,-1.00000000,triv,-1.0000000000
0.20000000,-1.00000000,triv,-1.0000000000
0.22000000,-1.00000000,triv,-1.0000000000
0.24000000,-1.00000000,triv,-1.0000000000
0.26000000,-1.00000000,triv,-1.0000000000
0.28000000,-1.00000000,triv,-1.0000000000
0.30000000,-1.00000000,triv,-1.0000000000
0.32000000,-1.00000000,triv,-1.0000000000
0.34000000,-1.00000000,triv,-1.0000000000
0.36000000,-1.00000000,triv,-1.0000000000
0.38000000,-1.00000000,triv,-1.0000000000
0.40000000,-1.00000000,triv,-1.0000000000
0.42000000,-1.00000000,triv,-1.0000000000
0.44000000,-1.00000000,triv,-1.0000000000
0.46000000,-1.00000000,triv,-1.0000000000
0.48000000,-1.00000000,triv,-1.0000000000
0.50000000,-1.00000000,triv,-1.0000000000
0.52000000,-1.00000000,triv,-1.0000000000
0.54000000,-1.00000000,triv,-1.0000000000
0.56000000,-1.00000000,triv,-1.0000000000
0.58000000,-1.00000000,triv,-1.0000000000
0.60000000,-1.00000000,triv,-1.0000000000
0.62000000,-1.00000000,triv,-1.0000000000
0.64000000,-1.00000000,topo,4.0000000000
0.66000000,-1.00000000,triv,-1.0000000000
0.68000000,-1.00000000,topo,4.0000000000
0.70000000,-1.00000000,topo,4.0000000000
0.72000000,-1.00000000,topo,4.0000000000
0.74000000,-1.00000000,topo,4.0000000000
0.76000000,-1.00000000,topo,4.0000000000
0.78000000,-1.00000000,topo,4.0000000000
0.80000000,-1.00000000,topo,4.0000000000
0.82000000,-1.00000000,topo,4.0000000000
0.84000000,-1.00000000,topo,4.0000000000
0.86000000,-1.00000000,topo,4.0000000000
0.88000000,-1.00000000,topo,4.0000000000
0.90000000,-1.00000000,topo,4.0000000000
0.92000000,-1.00000000,topo,4.0000000000
0.94000000,-1.00000000,topo,4.0000000000
0.96000000,-1.00000000,topo,4.0000000000
0.98000000,-1.00000000,topo,4.0000000000
1.00000000,-1.00000000,topo,4.0000000000
0.00000000,1.00000000,triv,-1.0000000000
0.02000000,1.00000000,triv,-1.0000000000
0.04000000,1.00000000,triv,-1.0000000000
0.06000000,1.00000000,triv,-1.0000000000
0.08000000,1.00000000,triv,-1.0000000000
0.10000000,1.00000000,triv,-1.0000000000
0.12000000,1.00000000,triv,-1.0000000000
0.14000000,1.00000000,triv,-1.0000000000
0.16000000,1.00000000,triv,-1.0000000000
0.18000000,1.00000000,triv,-1.0000000000
0.20000000,1.00000000,triv,-1.0000000000
0.22000000,1.00000000,triv,-1.0000000000
0.24000000,1.00000000,triv,-1.0000000000
0.26000000,1.00000000,triv,-1.0000000000
0.28000000,1.00000000,triv,-1.0000000000
0.30000000,1.00000000,triv,-1.0000000000
0.32000000,1.00000000,triv,-1.0000000000
0.34000000,1.00000000,triv,-1.0000000000
0.36000000,1.00000000,triv,-1.0000000000
0.38000000,1.00000000,afm,-0.0000000000
0.40000000,1.00000000,afm,0.0000000000
0.42000000,1.00000000,afm,0.0000000000
0.44000000,1.00000000,afm,-0.0000000000
0.46000000,1.00000000,afm,-0.0000000000
0.48000000,1.00000000,afm,0.0000000000
0.50000000,1.00000000,afm,0.0000000000
0.52000000,1.00000000,triv,-1.0000000000
0.54000000,1.00000000,afm,0.0000000000
0.56000000,1.00000000,afm,0.0000000000
0.58000000,1.00000000,afm,0.0000000000
0.60000000,1.00000000,afm,-0.0000000000
0.62000000,1.00000000,afm,0.0000000000
0.64000000,1.00000000,afm,0.0000000000
0.66000000,1.00000000,afm,-0.0000000000
0.68000000,1.00000000,afm,0.0000000000
0.70000000,1.00000000,afm,0.0000000000
0.72000000,1.00000000,afm,0.0000000000
0.74000000,1.00000000,afm,0.0000000000
0.76000000,1.00000000,afm,-0.0000000000
0.78000000,1.00000000,afm,-0.0000000000
0.80000000,1.00000000,afm,0.0000000000
0.82000000,1.00000000,afm,0.0000000000
0.84000000,1.00000000,afm,0.0000000000
0.86000000,1.00000000,afm,0.0000000000
0.88000000,1.00000000,topo,4.0000000000
0.90000000,1.00000000,topo,4.0000000000
0.92000000,1.00000000,topo,4.0000000000
0.94000000,1.00000000,topo,4.0000000000
0.96000000,1.00000000,topo,4.0000000000
0.98000000,1.00000000,topo,4.0000000000
1.00000000,1.00000000,topo,4.0000000000
