q,S_trivial,S_spt,S_afm
0.0,0.0,0.007277383305491575,1.1102230246251565e-16
0.031415926535897934,0.0004934396342684,0.013493009591896879,0.001964045628065847
0.06283185307179587,0.001973271571728441,0.03185796384826482,0.0077385025051121825
0.0942477796076938,0.004438035396920004,0.06154003434958076,0.016977213575354366
0.12566370614359174,0.007885298685522124,0.10119675527848615,0.029125803941303458
0.15707963267948966,0.01231165940486223,0.14903998250241637,0.04345416864026099
0.1884955592153876,0.01771274927131128,0.20292190179536795,0.059099346389779955
0.21991148575128555,0.024083238061252565,0.26043832691013535,0.07511634311011231
0.25132741228718347,0.031416838871368924,0.31904431214943074,0.09053400964287807
0.2827433388230814,0.03970631432305694,0.37617651097187127,0.10441277857666001
0.3141592653589793,0.04894348370484648,0.42937638726950583,0.11590094256050376
0.3455751918948773,0.05911923104577456,0.47640834491655293,0.12428621851204583
0.3769911184307752,0.07022351411174868,0.5153670859909356,0.12903958631986048
0.4084070449666731,0.08224537431601889,0.5447690269197357,0.1298488047274287
0.4398229715025711,0.09517294753398056,0.5636233697056552,0.12663956951602434
0.471238898038469,0.10899347581163213,0.5714794053666329,0.11958296013812442
0.5026548245743669,0.12369331995613644,0.5684477715629235,0.10908858420336474
0.5340707511102649,0.13925797299605638,0.5551946409521609,0.09578363354065114
0.5654866776461628,0.15567207449798495,0.5329091206751531,0.08047886720969419
0.5969026041820608,0.1729194257254382,0.503245433730886,0.06412329178246665
0.6283185307179586,0.19098300562505255,0.468242667696549,0.04774997548708858
0.6597344572538566,0.2098449876243097,0.43022595677960873,0.03241597274503733
0.6911503837897546,0.22948675722421086,0.3916938575086461,0.019139717944283006
0.7225663103256524,0.2498889303695404,0.35519734340156267,0.008839448784407202
0.7539822368615504,0.27103137257858856,0.3232162476616074,0.0022762264443048387
0.7853981633974484,0.29289321881345265,0.2980391058980593,4.928677611550037e-06
0.8168140899333463,0.3154528940713115,0.2816521871273885,0.002336209854250388
0.8482300164692442,0.3386881346763483,0.2756430587691504,0.009311866426262659
0.8796459430051422,0.3625760102513105,0.2811233313243422,0.02069534438304914
0.9110618695410401,0.3870929463470236,0.29867430463028277,0.035978312362574094
0.942477796076938,0.41221474770752703,0.32831813452112246,0.05440334215669125
0.9738937226128359,0.43791662214786947,0.3695159095175699,0.07500183381092833
1.0053096491487339,0.46417320502100345,0.4211927310298238,0.09664544388947827
1.0367255756846319,0.49095858424962885,0.4817885899144648,0.11810847085796494
1.0681415022205298,0.518246325898285,0.5493325897265936,0.13813796608842197
1.0995574287564276,0.5460095002604531,0.6215369424995698,0.1555278125090686
1.1309733552923256,0.5742207084349273,0.6959062105299586,0.16919267765810253
1.1623892818282235,0.6028521093652195,0.7698565333162518,0.17823762673439913
1.1938052083641215,0.6318754473153222,0.8408390978666539,0.18201928629444405
1.2252211349000195,0.6612620797547087,0.9064619062185154,0.1801947810447207
1.2566370614359172,0.6909830056250528,0.9646039760438035,0.1727552133650141
1.2880529879718152,0.7210088939607708,1.0135164747000838,0.16004119486479063
1.3194689145077132,0.7513101128351454,1.0519059164688813,0.14273883789191533
1.3508848410436112,0.7818567586034577,1.0789954166878917,0.12185562980908843
1.3823007675795091,0.8126186854142756,1.094561053416087,0.0986766941925667
1.4137166941154071,0.8435655349597694,1.0989415862627068,0.07470303626779509
1.4451326206513049,0.8746667664356959,1.093021065311083,0.05157441813873561
1.4765485471872029,0.9058916866814858,1.078185168864287,0.030980456666844396
1.5079644737231008,0.9372094804706869,1.0562533741360238,0.014564330754855047
1.5393804002589988,0.9685892409218719,1.0293902290573949,0.003824079136523292
1.5707963267948968,1.0000000000000004,1.0000000000000002,1.682719596875501e-05
1.6022122533307945,1.0314107590781285,0.970609770942606,0.004071375347253076
1.6336281798666925,1.0627905195293135,0.943746625863977,0.01651439808270698
1.6650441064025905,1.0941083133185145,0.921814831135714,0.03741504143013733
1.6964600329384885,1.1253332335643047,0.9069789346889182,0.0663519805967967
1.7278759594743864,1.1564344650402312,0.9010584137372943,0.1024060359440374
1.7592918860102844,1.1873813145857248,0.9054389465839141,0.14418028364896018
1.7907078125461822,1.2181432413965427,0.9210045833121094,0.18984828797284947
1.8221237390820801,1.248689887164855,0.9480940835311196,0.23722968427963015
1.8535396656179781,1.2789911060392294,0.9864835252999175,0.28389092128667526
1.884955592153876,1.309016994374948,1.0353960239561977,0.32726759607347533
1.916371518689774,1.3387379202452916,1.0935380937814863,0.36480355460953084
1.9477874452256718,1.368124552684678,1.1591609021333475,0.39410084908230286
1.9792033717615698,1.397147890634781,1.2301434666837494,0.41307379959442836
2.0106192982974678,1.4257792915650729,1.304093789470043,0.4200998507747595
2.0420352248333655,1.4539904997395467,1.3784630575004306,0.4141596802908627
2.0734511513692637,1.4817536741017157,1.4506674102734078,0.3949591287562253
2.1048670779051615,1.5090414157503715,1.5182114100855362,0.36302598608116715
2.1362830044410597,1.535826794978997,1.578807268970178,0.3197754785887179
2.1676989309769574,1.5620833778521308,1.6304840904824314,0.26753942858761814
2.199114857512855,1.5877852522924734,1.6716818654788783,0.20955546246481668
2.2305307840487534,1.6129070536529768,1.7013256953697184,0.14991426968867402
2.261946710584651,1.6374239897486897,1.7188766686756587,0.09346469664091951
2.2933626371205493,1.6613118653236523,1.7243569412308504,0.04567832024727765
2.324778563656447,1.6845471059286892,1.7183478128726124,0.012477005642644395
2.356194490192345,1.707106781186548,1.7019608941019413,2.872623321372321e-05
2.387610416728243,1.7289686274214118,1.6767837523383933,0.014518531864489592
2.419026343264141,1.75011106963046,1.644802656598438,0.06190291518735548
2.450442269800039,1.77051324277579,1.6083061424913543,0.1476568805681818
2.4818581963359367,1.790155012375691,1.5697740432203915,0.276523709074604
2.5132741228718345,1.809016994374948,1.5317573323034517,0.4522776971812156
2.5446900494077327,1.8270805742745626,1.4967545662691149,0.6775100028816423
2.5761059759436304,1.8443279255020157,1.4670908793248478,0.9534471562124166
2.6075219024795286,1.860742027003944,1.44480535904784,1.279810796010238
2.6389378290154264,1.876306680043864,1.4315522284370772,1.6547258138198746
2.6703537555513246,1.8910065241883687,1.428520594633368,2.0746823694409366
2.7017696820872223,1.90482705246602,1.4363766302943457,2.5345552563110836
2.73318560862312,1.9177546256839817,1.455230973080265,3.027681917245161
2.7646015351590183,1.9297764858882522,1.4846329140090657,3.5459981300019807
2.796017461694916,1.940880768954226,1.523591655083448,4.080228091573739
2.8274333882308142,1.9510565162951543,1.5706236127304951,4.620123425622026
2.858849314766712,1.9602936856769437,1.62382348902813,5.154743612403992
2.8902652413026098,1.968583161128632,1.6809556878505698,5.672768581695559
2.921681167838508,1.9759167619387483,1.739561673089866,6.1628327932076505
2.9530970943744057,1.9822872507286893,1.7970780982046328,6.613869118706042
2.984513020910304,1.9876883405951384,1.8509600174975853,7.015450281858098
3.0159289474462017,1.9921147013144784,1.8988032447215146,7.3581155334522785
3.0473448739820994,1.9955619646030809,1.93845996565042,7.633670648791234
3.0787608005179976,1.9980267284282724,1.968142036151736,7.835450218012024
3.1101767270538954,1.9995065603657325,1.9865069904081036,7.95853252608247
3.1415926535897936,2.000000000000001,1.9927226166945091,7.999899035786414
3.1730085801256913,1.9995065603657325,1.9865069904081039,7.95853252608247
3.204424506661589,1.9980267284282724,1.9681420361517359,7.8354502180120225
3.2358404331974873,1.9955619646030809,1.9384599656504198,7.633670648791233
3.267256359733385,1.9921147013144784,1.8988032447215142,7.358115533452276
3.298672286269283,1.9876883405951382,1.850960017497584,7.015450281858092
3.330088212805181,1.9822872507286893,1.7970780982046322,6.61386911870604
3.3615041393410787,1.9759167619387483,1.7395616730898655,6.162832793207649
3.392920065876977,1.968583161128632,1.68095568785057,5.672768581695555
3.4243359924128747,1.9602936856769437,1.6238234890281296,5.154743612403987
3.455751918948773,1.951056516295154,1.5706236127304947,4.620123425622015
3.4871678454846706,1.940880768954226,1.5235916550834476,4.080228091573733
3.518583772020569,1.9297764858882518,1.4846329140090648,3.5459981300019714
3.5499996985564666,1.9177546256839817,1.4552309730802648,3.0276819172451575
3.5814156250923643,1.90482705246602,1.4363766302943455,2.534555256311082
3.6128315516282625,1.8910065241883682,1.428520594633368,2.0746823694409287
3.6442474781641603,1.876306680043864,1.4315522284370772,1.654725813819874
3.6756634047000585,1.860742027003944,1.44480535904784,1.2798107960102294
3.7070793312359562,1.8443279255020153,1.467090879324848,0.953447156212414
3.738495257771854,1.8270805742745622,1.4967545662691153,0.6775100028816408
3.769911184307752,1.809016994374948,1.5317573323034521,0.45227769718121447
3.80132711084365,1.7901550123756906,1.569774043220392,0.2765237090746029
3.832743037379548,1.7705132427757895,1.6083061424913554,0.14765688056817952
3.864158963915446,1.7501110696304596,1.6448026565984382,0.06190291518735572
3.8955748904513436,1.7289686274214118,1.6767837523383937,0.014518531864489426
3.926990816987242,1.7071067811865475,1.7019608941019415,2.8726233212601543e-05
3.9584067435231396,1.6845471059286887,1.7183478128726124,0.012477005642645374
3.989822670059038,1.6613118653236518,1.7243569412308504,0.04567832024727814
4.0212385965949355,1.6374239897486897,1.7188766686756587,0.09346469664091858
4.052654523130833,1.6129070536529766,1.7013256953697182,0.1499142696886741
4.084070449666731,1.5877852522924734,1.6716818654788788,0.20955546246481765
4.11548637620263,1.5620833778521304,1.63048409048243,0.2675394285876186
4.1469023027385274,1.5358267949789965,1.5788072689701769,0.3197754785887196
4.178318229274425,1.5090414157503713,1.5182114100855357,0.36302598608116715
4.209734155810323,1.4817536741017157,1.4506674102734078,0.39495912875622663
4.241150082346221,1.4539904997395472,1.3784630575004315,0.41415968029086236
4.272566008882119,1.4257792915650724,1.3040937894700413,0.4200998507747588
4.303981935418017,1.3971478906347805,1.230143466683748,0.41307379959442725
4.335397861953915,1.368124552684678,1.1591609021333469,0.3941008490823026
4.366813788489813,1.3387379202452916,1.0935380937814863,0.36480355460953107
4.39822971502571,1.309016994374948,1.0353960239561977,0.3272675960734752
4.429645641561609,1.278991106039229,0.9864835252999167,0.28389092128667454
4.461061568097507,1.2486898871648546,0.9480940835311191,0.23722968427962968
4.4924774946334045,1.2181432413965427,0.9210045833121092,0.18984828797284858
4.523893421169302,1.1873813145857248,0.905438946583914,0.14418028364896016
4.5553093477052,1.1564344650402312,0.9010584137372941,0.10240603594403687
4.586725274241099,1.1253332335643038,0.9069789346889185,0.06635198059679681
4.618141200776996,1.094108313318514,0.9218148311357146,0.03741504143013675
4.649557127312894,1.0627905195293135,0.9437466258639768,0.016514398082706085
4.680973053848792,1.0314107590781285,0.9706097709426069,0.004071375347253752
4.71238898038469,1.0000000000000004,1.0000000000000007,1.68271959710334e-05
4.743804906920588,0.9685892409218713,1.0293902290573955,0.003824079136525705
4.775220833456486,0.9372094804706864,1.0562533741360243,0.014564330754852372
4.806636759992384,0.9058916866814856,1.0781851688642865,0.030980456666844958
4.838052686528282,0.8746667664356959,1.0930210653110835,0.05157441813873418
4.869468613064179,0.8435655349597694,1.0989415862627068,0.07470303626779798
4.900884539600078,0.812618685414275,1.0945610534160868,0.09867669419256718
4.932300466135976,0.7818567586034573,1.0789954166878915,0.12185562980908746
4.9637163926718735,0.7513101128351451,1.0519059164688809,0.14273883789191522
4.995132319207771,0.7210088939607708,1.0135164747000833,0.16004119486479118
5.026548245743669,0.690983005625053,0.964603976043804,0.17275521336501393
5.057964172279568,0.6612620797547082,0.9064619062185142,0.18019478104471967
5.089380098815465,0.6318754473153219,0.8408390978666537,0.1820192862944455
5.120796025351363,0.6028521093652193,0.7698565333162508,0.17823762673439808
5.152211951887261,0.5742207084349275,0.6959062105299584,0.16919267765810264
5.1836278784231595,0.5460095002604526,0.6215369424995681,0.15552781250906816
5.215043804959057,0.5182463258982843,0.5493325897265927,0.13813796608842305
5.246459731494955,0.4909585842496285,0.48178858991446327,0.11810847085796404
5.277875658030853,0.46417320502100323,0.4211927310298231,0.09664544388947585
5.3092915845667505,0.43791662214786947,0.3695159095175699,0.07500183381092806
5.340707511102649,0.41221474770752636,0.3283181345211216,0.05440334215669253
5.372123437638547,0.3870929463470232,0.2986743046302824,0.03597831236257189
5.403539364174445,0.36257601025131014,0.2811233313243421,0.02069534438305151
5.4349552907103424,0.3386881346763482,0.2756430587691505,0.009311866426260938
5.46637121724624,0.3154528940713115,0.2816521871273884,0.0023362098542520915
5.497787143782139,0.2928932188134521,0.29803910589805954,4.928677615169704e-06
5.529203070318037,0.2710313725785882,0.3232162476616086,0.0022762264443060357
5.560618996853934,0.2498889303695403,0.3551973434015634,0.008839448784403441
5.592034923389832,0.22948675722421064,0.3916938575086464,0.019139717944282916
5.62345084992573,0.2098449876243097,0.4302259567796084,0.0324159727450403
5.6548667764616285,0.19098300562505222,0.4682426676965492,0.047749975487086774
5.686282702997526,0.17291942572543798,0.5032454337308871,0.06412329178246917
5.717698629533424,0.15567207449798473,0.5329091206751535,0.08047886720969322
5.749114556069322,0.13925797299605627,0.5551946409521608,0.09578363354065186
5.7805304826052195,0.12369331995613644,0.5684477715629233,0.10908858420336405
5.811946409141118,0.1089934758116319,0.571479405366633,0.11958296013812482
5.843362335677016,0.09517294753398034,0.563623369705655,0.12663956951602406
5.874778262212914,0.08224537431601878,0.5447690269197356,0.12984880472742893
5.906194188748811,0.07022351411174857,0.5153670859909356,0.12903958631985982
5.937610115284709,0.05911923104577456,0.4764083449165535,0.12428621851204633
5.969026041820608,0.04894348370484626,0.42937638726950433,0.11590094256050232
6.000441968356506,0.03970631432305683,0.3761765109718702,0.10441277857666045
6.031857894892403,0.03141683887136881,0.3190443121494303,0.09053400964287753
6.063273821428301,0.024083238061252565,0.2604383269101358,0.07511634311011367
6.094689747964199,0.01771274927131128,0.2029219017953674,0.05909934638977849
6.1261056745000975,0.012311659404862119,0.1490399825024149,0.043454168640261776
6.157521601035995,0.007885298685522124,0.10119675527848548,0.029125803941303263
6.188937527571893,0.004438035396920004,0.06154003434958073,0.016977213575353617
6.220353454107791,0.001973271571728441,0.0318579638482651,0.007738502505112571
6.2517693806436885,0.0004934396342684,0.013493009591896823,0.001964045628066069
6.283185307179586,0.0,0.007277383305491575,1.1102230246251565e-16
