s,delta,task,init,frac_z_M0,frac_x_even,frac_y_even
0.00000000,-1.00000000,sym,triv,0.740234,0.761719,0.733398
0.00000000,-1.00000000,sym,topo,0.195312,0.507812,0.488281
0.00000000,-1.00000000,sym,afm,0.521484,0.616211,0.552734
0.02000000,-1.00000000,sym,triv,0.514648,0.612305,0.614258
0.02000000,-1.00000000,sym,topo,0.168945,0.498047,0.459961
0.02000000,-1.00000000,sym,afm,0.527344,0.645508,0.556641
0.04000000,-1.00000000,sym,triv,0.575195,0.596680,0.627930
0.04000000,-1.00000000,sym,topo,0.189453,0.513672,0.522461
0.04000000,-1.00000000,sym,afm,0.547852,0.615234,0.450195
0.06000000,-1.00000000,sym,triv,0.554688,0.606445,0.666992
0.06000000,-1.00000000,sym,topo,0.159180,0.501953,0.511719
0.06000000,-1.00000000,sym,afm,0.538086,0.584961,0.537109
0.08000000,-1.00000000,sym,triv,0.490234,0.623047,0.553711
0.08000000,-1.00000000,sym,topo,0.176758,0.508789,0.510742
0.08000000,-1.00000000,sym,afm,0.586914,0.595703,0.576172
0.10000000,-1.00000000,sym,triv,0.577148,0.565430,0.620117
0.10000000,-1.00000000,sym,topo,0.204102,0.485352,0.528320
0.10000000,-1.00000000,sym,afm,0.628906,0.636719,0.630859
0.12000000,-1.00000000,sym,triv,0.542969,0.563477,0.605469
0.12000000,-1.00000000,sym,topo,0.183594,0.503906,0.484375
0.12000000,-1.00000000,sym,afm,0.603516,0.562500,0.542969
0.14000000,-1.00000000,sym,triv,0.581055,0.661133,0.663086
0.14000000,-1.00000000,sym,topo,0.177734,0.508789,0.521484
0.14000000,-1.00000000,sym,afm,0.582031,0.566406,0.549805
0.16000000,-1.00000000,sym,triv,0.525391,0.634766,0.553711
0.16000000,-1.00000000,sym,topo,0.166992,0.495117,0.513672
0.16000000,-1.00000000,sym,afm,0.597656,0.586914,0.532227
0.18000000,-1.00000000,sym,triv,0.554688,0.607422,0.666992
0.18000000,-1.00000000,sym,topo,0.169922,0.492188,0.498047
0.18000000,-1.00000000,sym,afm,0.600586,0.537109,0.510742
0.20000000,-1.00000000,sym,triv,0.516602,0.643555,0.550781
0.20000000,-1.00000000,sym,topo,0.183594,0.476562,0.514648
0.20000000,-1.00000000,sym,afm,0.593750,0.553711,0.510742
0.22000000,-1.00000000,sym,triv,0.556641,0.618164,0.584961
0.22000000,-1.00000000,sym,topo,0.210938,0.516602,0.492188
0.22000000,-1.00000000,sym,afm,0.585938,0.520508,0.565430
0.24000000,-1.00000000,sym,triv,0.583008,0.638672,0.577148
0.24000000,-1.00000000,sym,topo,0.187500,0.512695,0.498047
0.24000000,-1.00000000,sym,afm,0.608398,0.583984,0.581055
0.26000000,-1.00000000,sym,triv,0.532227,0.592773,0.615234
0.26000000,-1.00000000,sym,topo,0.164062,0.513672,0.470703
0.26000000,-1.00000000,sym,afm,0.500977,0.633789,0.588867
0.28000000,-1.00000000,sym,triv,0.518555,0.658203,0.572266
0.28000000,-1.00000000,sym,topo,0.178711,0.495117,0.509766
0.28000000,-1.00000000,sym,afm,0.636719,0.652344,0.604492
0.30000000,-1.00000000,sym,triv,0.577148,0.653320,0.632812
0.30000000,-1.00000000,sym,topo,0.171875,0.459961,0.499023
0.30000000,-1.00000000,sym,afm,0.523438,0.653320,0.594727
0.32000000,-1.00000000,sym,triv,0.594727,0.607422,0.587891
0.32000000,-1.00000000,sym,topo,0.211914,0.519531,0.502930
0.32000000,-1.00000000,sym,afm,0.585938,0.573242,0.641602
0.34000000,-1.00000000,sym,triv,0.577148,0.680664,0.582031
0.34000000,-1.00000000,sym,topo,0.176758,0.518555,0.470703
0.34000000,-1.00000000,sym,afm,0.616211,0.669922,0.568359
0.36000000,-1.00000000,sym,triv,0.501953,0.691406,0.590820
0.36000000,-1.00000000,sym,topo,0.193359,0.503906,0.478516
0.36000000,-1.00000000,sym,afm,0.527344,0.590820,0.595703
0.38000000,-1.00000000,sym,triv,0.508789,0.633789,0.593750
0.38000000,-1.00000000,sym,topo,0.202148,0.490234,0.474609
0.38000000,-1.00000000,sym,afm,0.535156,0.648438,0.618164
0.40000000,-1.00000000,sym,triv,0.558594,0.645508,0.561523
0.40000000,-1.00000000,sym,topo,0.169922,0.496094,0.524414
0.40000000,-1.00000000,sym,afm,0.631836,0.651367,0.583984
0.42000000,-1.00000000,sym,triv,0.541992,0.615234,0.626953
0.42000000,-1.00000000,sym,topo,0.172852,0.477539,0.504883
0.42000000,-1.00000000,sym,afm,0.554688,0.594727,0.633789
0.44000000,-1.00000000,sym,triv,0.575195,0.641602,0.636719
0.44000000,-1.00000000,sym,topo,0.180664,0.492188,0.525391
0.44000000,-1.00000000,sym,afm,0.534180,0.637695,0.615234
0.46000000,-1.00000000,sym,triv,0.533203,0.644531,0.556641
0.46000000,-1.00000000,sym,topo,0.189453,0.522461,0.497070
0.46000000,-1.00000000,sym,afm,0.575195,0.650391,0.605469
0.48000000,-1.00000000,sym,triv,0.615234,0.667969,0.636719
0.48000000,-1.00000000,sym,topo,0.142578,0.508789,0.470703
0.48000000,-1.00000000,sym,afm,0.616211,0.621094,0.595703
0.50000000,-1.00000000,sym,triv,0.566406,0.651367,0.632812
0.50000000,-1.00000000,sym,topo,0.175781,0.513672,0.509766
0.50000000,-1.00000000,sym,afm,0.584961,0.580078,0.565430
0.52000000,-1.00000000,sym,triv,0.520508,0.656250,0.566406
0.52000000,-1.00000000,sym,topo,0.168945,0.518555,0.507812
0.52000000,-1.00000000,sym,afm,0.591797,0.577148,0.565430
0.54000000,-1.00000000,sym,triv,0.509766,0.623047,0.599609
0.54000000,-1.00000000,sym,topo,0.142578,0.519531,0.500000
0.54000000,-1.00000000,sym,afm,0.630859,0.520508,0.589844
0.56000000,-1.00000000,sym,triv,0.560547,0.644531,0.604492
0.56000000,-1.00000000,sym,topo,0.166992,0.476562,0.531250
0.56000000,-1.00000000,sym,afm,0.603516,0.500977,0.546875
0.58000000,-1.00000000,sym,triv,0.529297,0.661133,0.586914
0.58000000,-1.00000000,sym,topo,0.178711,0.507812,0.500977
0.58000000,-1.00000000,sym,afm,0.590820,0.510742,0.579102
0.60000000,-1.00000000,sym,triv,0.493164,0.633789,0.586914
0.60000000,-1.00000000,sym,topo,0.158203,0.503906,0.504883
0.60000000,-1.00000000,sym,afm,0.534180,0.600586,0.481445
0.62000000,-1.00000000,sym,triv,0.554688,0.660156,0.635742
0.62000000,-1.00000000,sym,topo,0.166992,0.503906,0.480469
0.62000000,-1.00000000,sym,afm,0.590820,0.523438,0.566406
0.64000000,-1.00000000,sym,triv,0.579102,0.659180,0.635742
0.64000000,-1.00000000,sym,topo,0.196289,0.484375,0.498047
0.64000000,-1.00000000,sym,afm,0.616211,0.645508,0.602539
0.66000000,-1.00000000,sym,triv,0.520508,0.647461,0.632812
0.66000000,-1.00000000,sym,topo,0.235352,0.506836,0.465820
0.66000000,-1.00000000,sym,afm,0.575195,0.627930,0.516602
0.68000000,-1.00000000,sym,triv,0.566406,0.667969,0.624023
0.68000000,-1.00000000,sym,topo,0.201172,0.499023,0.484375
0.68000000,-1.00000000,sym,afm,0.551758,0.631836,0.557617
0.70000000,-1.00000000,sym,triv,0.543945,0.578125,0.638672
0.70000000,-1.00000000,sym,topo,0.176758,0.518555,0.517578
0.70000000,-1.00000000,sym,afm,0.592773,0.575195,0.552734
0.72000000,-1.00000000,sym,triv,0.571289,0.659180,0.630859
0.72000000,-1.00000000,sym,topo,0.166016,0.518555,0.500977
0.72000000,-1.00000000,sym,afm,0.530273,0.652344,0.559570
0.74000000,-1.00000000,sym,triv,0.607422,0.622070,0.648438
0.74000000,-1.00000000,sym,topo,0.179688,0.474609,0.499023
0.74000000,-1.00000000,sym,afm,0.595703,0.627930,0.568359
0.76000000,-1.00000000,sym,triv,0.546875,0.638672,0.602539
0.76000000,-1.00000000,sym,topo,0.180664,0.497070,0.479492
0.76000000,-1.00000000,sym,afm,0.562500,0.592773,0.590820
0.78000000,-1.00000000,sym,triv,0.581055,0.665039,0.632812
0.78000000,-1.00000000,sym,topo,0.174805,0.500977,0.501953
0.78000000,-1.00000000,sym,afm,0.596680,0.649414,0.588867
0.80000000,-1.00000000,sym,triv,0.504883,0.649414,0.549805
0.80000000,-1.00000000,sym,topo,0.157227,0.491211,0.488281
0.80000000,-1.00000000,sym,afm,0.523438,0.595703,0.580078
0.82000000,-1.00000000,sym,triv,0.487305,0.603516,0.580078
0.82000000,-1.00000000,sym,topo,0.170898,0.473633,0.487305
0.82000000,-1.00000000,sym,afm,0.602539,0.639648,0.580078
0.84000000,-1.00000000,sym,triv,0.554688,0.660156,0.673828
0.84000000,-1.00000000,sym,topo,0.149414,0.488281,0.510742
0.84000000,-1.00000000,sym,afm,0.590820,0.561523,0.549805
0.86000000,-1.00000000,sym,triv,0.548828,0.543945,0.600586
0.86000000,-1.00000000,sym,topo,0.157227,0.514648,0.504883
0.86000000,-1.00000000,sym,afm,0.555664,0.617188,0.597656
0.88000000,-1.00000000,sym,triv,0.588867,0.663086,0.638672
0.88000000,-1.00000000,sym,topo,0.182617,0.509766,0.508789
0.88000000,-1.00000000,sym,afm,0.584961,0.606445,0.576172
0.90000000,-1.00000000,sym,triv,0.504883,0.623047,0.585938
0.90000000,-1.00000000,sym,topo,0.179688,0.516602,0.519531
0.90000000,-1.00000000,sym,afm,0.513672,0.537109,0.559570
0.92000000,-1.00000000,sym,triv,0.588867,0.657227,0.628906
0.92000000,-1.00000000,sym,topo,0.172852,0.474609,0.498047
0.92000000,-1.00000000,sym,afm,0.602539,0.552734,0.610352
0.94000000,-1.00000000,sym,triv,0.582031,0.601562,0.647461
0.94000000,-1.00000000,sym,topo,0.158203,0.500000,0.518555
0.94000000,-1.00000000,sym,afm,0.625977,0.660156,0.622070
0.96000000,-1.00000000,sym,triv,0.561523,0.618164,0.639648
0.96000000,-1.00000000,sym,topo,0.194336,0.513672,0.509766
0.96000000,-1.00000000,sym,afm,0.612305,0.485352,0.591797
0.98000000,-1.00000000,sym,triv,0.565430,0.656250,0.655273
0.98000000,-1.00000000,sym,topo,0.191406,0.503906,0.518555
0.98000000,-1.00000000,sym,afm,0.556641,0.634766,0.588867
1.00000000,-1.00000000,sym,triv,0.549805,0.602539,0.647461
1.00000000,-1.00000000,sym,topo,0.103516,0.478516,0.492188
1.00000000,-1.00000000,sym,afm,0.576172,0.607422,0.525391
0.00000000,1.00000000,sym,triv,0.789062,0.764648,0.755859
0.00000000,1.00000000,sym,topo,0.173828,0.497070,0.502930
0.00000000,1.00000000,sym,afm,0.550781,0.622070,0.565430
0.02000000,1.00000000,sym,triv,0.618164,0.653320,0.645508
0.02000000,1.00000000,sym,topo,0.166016,0.475586,0.506836
0.02000000,1.00000000,sym,afm,0.564453,0.614258,0.441406
0.04000000,1.00000000,sym,triv,0.622070,0.596680,0.581055
0.04000000,1.00000000,sym,topo,0.160156,0.510742,0.516602
0.04000000,1.00000000,sym,afm,0.535156,0.399414,0.578125
0.06000000,1.00000000,sym,triv,0.621094,0.611328,0.634766
0.06000000,1.00000000,sym,topo,0.177734,0.501953,0.524414
0.06000000,1.00000000,sym,afm,0.527344,0.654297,0.601562
0.08000000,1.00000000,sym,triv,0.586914,0.590820,0.654297
0.08000000,1.00000000,sym,topo,0.192383,0.505859,0.514648
0.08000000,1.00000000,sym,afm,0.516602,0.616211,0.571289
0.10000000,1.00000000,sym,triv,0.606445,0.594727,0.617188
0.10000000,1.00000000,sym,topo,0.178711,0.518555,0.511719
0.10000000,1.00000000,sym,afm,0.528320,0.582031,0.578125
0.12000000,1.00000000,sym,triv,0.659180,0.622070,0.608398
0.12000000,1.00000000,sym,topo,0.145508,0.478516,0.520508
0.12000000,1.00000000,sym,afm,0.599609,0.533203,0.518555
0.14000000,1.00000000,sym,triv,0.612305,0.608398,0.599609
0.14000000,1.00000000,sym,topo,0.179688,0.496094,0.506836
0.14000000,1.00000000,sym,afm,0.545898,0.571289,0.507812
0.16000000,1.00000000,sym,triv,0.597656,0.607422,0.520508
0.16000000,1.00000000,sym,topo,0.208008,0.499023,0.513672
0.16000000,1.00000000,sym,afm,0.609375,0.634766,0.527344
0.18000000,1.00000000,sym,triv,0.630859,0.594727,0.592773
0.18000000,1.00000000,sym,topo,0.168945,0.516602,0.510742
0.18000000,1.00000000,sym,afm,0.576172,0.574219,0.541016
0.20000000,1.00000000,sym,triv,0.638672,0.599609,0.589844
0.20000000,1.00000000,sym,topo,0.179688,0.502930,0.505859
0.20000000,1.00000000,sym,afm,0.603516,0.546875,0.546875
0.22000000,1.00000000,sym,triv,0.577148,0.618164,0.615234
0.22000000,1.00000000,sym,topo,0.181641,0.484375,0.513672
0.22000000,1.00000000,sym,afm,0.630859,0.590820,0.576172
0.24000000,1.00000000,sym,triv,0.600586,0.593750,0.621094
0.24000000,1.00000000,sym,topo,0.185547,0.490234,0.534180
0.24000000,1.00000000,sym,afm,0.565430,0.540039,0.548828
0.26000000,1.00000000,sym,triv,0.541016,0.609375,0.620117
0.26000000,1.00000000,sym,topo,0.170898,0.493164,0.508789
0.26000000,1.00000000,sym,afm,0.632812,0.614258,0.596680
0.28000000,1.00000000,sym,triv,0.633789,0.638672,0.611328
0.28000000,1.00000000,sym,topo,0.187500,0.469727,0.482422
0.28000000,1.00000000,sym,afm,0.628906,0.615234,0.596680
0.30000000,1.00000000,sym,triv,0.580078,0.542969,0.545898
0.30000000,1.00000000,sym,topo,0.185547,0.491211,0.505859
0.30000000,1.00000000,sym,afm,0.518555,0.604492,0.582031
0.32000000,1.00000000,sym,triv,0.602539,0.601562,0.556641
0.32000000,1.00000000,sym,topo,0.161133,0.512695,0.498047
0.32000000,1.00000000,sym,afm,0.612305,0.576172,0.583984
0.34000000,1.00000000,sym,triv,0.597656,0.596680,0.606445
0.34000000,1.00000000,sym,topo,0.164062,0.518555,0.474609
0.34000000,1.00000000,sym,afm,0.640625,0.645508,0.627930
0.36000000,1.00000000,sym,triv,0.622070,0.585938,0.625000
0.36000000,1.00000000,sym,topo,0.212891,0.505859,0.489258
0.36000000,1.00000000,sym,afm,0.614258,0.542969,0.511719
0.38000000,1.00000000,sym,triv,0.641602,0.569336,0.593750
0.38000000,1.00000000,sym,topo,0.176758,0.483398,0.499023
0.38000000,1.00000000,sym,afm,0.616211,0.632812,0.595703
0.40000000,1.00000000,sym,triv,0.626953,0.658203,0.602539
0.40000000,1.00000000,sym,topo,0.192383,0.514648,0.518555
0.40000000,1.00000000,sym,afm,0.625977,0.669922,0.639648
0.42000000,1.00000000,sym,triv,0.642578,0.626953,0.616211
0.42000000,1.00000000,sym,topo,0.182617,0.512695,0.478516
0.42000000,1.00000000,sym,afm,0.594727,0.558594,0.598633
0.44000000,1.00000000,sym,triv,0.627930,0.562500,0.582031
0.44000000,1.00000000,sym,topo,0.177734,0.521484,0.487305
0.44000000,1.00000000,sym,afm,0.639648,0.621094,0.556641
0.46000000,1.00000000,sym,triv,0.592773,0.606445,0.647461
0.46000000,1.00000000,sym,topo,0.174805,0.500977,0.520508
0.46000000,1.00000000,sym,afm,0.604492,0.653320,0.572266
0.48000000,1.00000000,sym,triv,0.620117,0.548828,0.592773
0.48000000,1.00000000,sym,topo,0.190430,0.506836,0.505859
0.48000000,1.00000000,sym,afm,0.626953,0.641602,0.560547
0.50000000,1.00000000,sym,triv,0.602539,0.630859,0.574219
0.50000000,1.00000000,sym,topo,0.188477,0.499023,0.503906
0.50000000,1.00000000,sym,afm,0.606445,0.659180,0.576172
0.52000000,1.00000000,sym,triv,0.659180,0.614258,0.555664
0.52000000,1.00000000,sym,topo,0.191406,0.506836,0.521484
0.52000000,1.00000000,sym,afm,0.630859,0.619141,0.585938
0.54000000,1.00000000,sym,triv,0.637695,0.595703,0.536133
0.54000000,1.00000000,sym,topo,0.166016,0.496094,0.526367
0.54000000,1.00000000,sym,afm,0.650391,0.609375,0.567383
0.56000000,1.00000000,sym,triv,0.629883,0.599609,0.617188
0.56000000,1.00000000,sym,topo,0.164062,0.511719,0.499023
0.56000000,1.00000000,sym,afm,0.609375,0.558594,0.574219
0.58000000,1.00000000,sym,triv,0.634766,0.609375,0.604492
0.58000000,1.00000000,sym,topo,0.166992,0.510742,0.461914
0.58000000,1.00000000,sym,afm,0.601562,0.541016,0.535156
0.60000000,1.00000000,sym,triv,0.617188,0.607422,0.604492
0.60000000,1.00000000,sym,topo,0.209961,0.518555,0.518555
0.60000000,1.00000000,sym,afm,0.612305,0.570312,0.549805
0.62000000,1.00000000,sym,triv,0.609375,0.583008,0.601562
0.62000000,1.00000000,sym,topo,0.177734,0.504883,0.500000
0.62000000,1.00000000,sym,afm,0.615234,0.620117,0.562500
0.64000000,1.00000000,sym,triv,0.588867,0.611328,0.576172
0.64000000,1.00000000,sym,topo,0.177734,0.509766,0.510742
0.64000000,1.00000000,sym,afm,0.569336,0.620117,0.605469
0.66000000,1.00000000,sym,triv,0.616211,0.626953,0.605469
0.66000000,1.00000000,sym,topo,0.175781,0.535156,0.464844
0.66000000,1.00000000,sym,afm,0.622070,0.639648,0.617188
0.68000000,1.00000000,sym,triv,0.594727,0.601562,0.626953
0.68000000,1.00000000,sym,topo,0.205078,0.502930,0.501953
0.68000000,1.00000000,sym,afm,0.592773,0.531250,0.577148
0.70000000,1.00000000,sym,triv,0.625977,0.607422,0.599609
0.70000000,1.00000000,sym,topo,0.168945,0.501953,0.530273
0.70000000,1.00000000,sym,afm,0.599609,0.494141,0.540039
0.72000000,1.00000000,sym,triv,0.625977,0.576172,0.584961
0.72000000,1.00000000,sym,topo,0.192383,0.473633,0.501953
0.72000000,1.00000000,sym,afm,0.619141,0.614258,0.611328
0.74000000,1.00000000,sym,triv,0.574219,0.625977,0.609375
0.74000000,1.00000000,sym,topo,0.197266,0.498047,0.510742
0.74000000,1.00000000,sym,afm,0.596680,0.685547,0.597656
0.76000000,1.00000000,sym,triv,0.587891,0.562500,0.585938
0.76000000,1.00000000,sym,topo,0.160156,0.503906,0.492188
0.76000000,1.00000000,sym,afm,0.657227,0.659180,0.613281
0.78000000,1.00000000,sym,triv,0.598633,0.655273,0.636719
0.78000000,1.00000000,sym,topo,0.158203,0.504883,0.495117
0.78000000,1.00000000,sym,afm,0.611328,0.635742,0.566406
0.80000000,1.00000000,sym,triv,0.631836,0.602539,0.556641
0.80000000,1.00000000,sym,topo,0.165039,0.508789,0.480469
0.80000000,1.00000000,sym,afm,0.584961,0.512695,0.547852
0.82000000,1.00000000,sym,triv,0.620117,0.587891,0.582031
0.82000000,1.00000000,sym,topo,0.208008,0.483398,0.502930
0.82000000,1.00000000,sym,afm,0.615234,0.650391,0.553711
0.84000000,1.00000000,sym,triv,0.592773,0.601562,0.579102
0.84000000,1.00000000,sym,topo,0.147461,0.474609,0.506836
0.84000000,1.00000000,sym,afm,0.592773,0.532227,0.551758
0.86000000,1.00000000,sym,triv,0.612305,0.627930,0.633789
0.86000000,1.00000000,sym,topo,0.166016,0.493164,0.507812
0.86000000,1.00000000,sym,afm,0.597656,0.625977,0.585938
0.88000000,1.00000000,sym,triv,0.597656,0.598633,0.614258
0.88000000,1.00000000,sym,topo,0.181641,0.458008,0.500000
0.88000000,1.00000000,sym,afm,0.606445,0.597656,0.569336
0.90000000,1.00000000,sym,triv,0.569336,0.611328,0.584961
0.90000000,1.00000000,sym,topo,0.177734,0.479492,0.499023
0.90000000,1.00000000,sym,afm,0.576172,0.603516,0.594727
0.92000000,1.00000000,sym,triv,0.609375,0.698242,0.625000
0.92000000,1.00000000,sym,topo,0.209961,0.492188,0.525391
0.92000000,1.00000000,sym,afm,0.613281,0.601562,0.595703
0.94000000,1.00000000,sym,triv,0.611328,0.611328,0.611328
0.94000000,1.00000000,sym,topo,0.175781,0.498047,0.501953
0.94000000,1.00000000,sym,afm,0.599609,0.615234,0.584961
0.96000000,1.00000000,sym,triv,0.610352,0.608398,0.626953
0.96000000,1.00000000,sym,topo,0.173828,0.497070,0.503906
0.96000000,1.00000000,sym,afm,0.532227,0.613281,0.586914
0.98000000,1.00000000,sym,triv,0.580078,0.633789,0.618164
0.98000000,1.00000000,sym,topo,0.156250,0.503906,0.505859
0.98000000,1.00000000,sym,afm,0.580078,0.534180,0.507812
1.00000000,1.00000000,sym,triv,0.591797,0.628906,0.619141
1.00000000,1.00000000,sym,topo,0.092773,0.506836,0.502930
1.00000000,1.00000000,sym,afm,0.547852,0.582031,0.630859
0.00000000,-1.00000000,nosym,triv,0.776367,0.760742,0.776367
0.00000000,-1.00000000,nosym,topo,0.203125,0.491211,0.480469
0.00000000,-1.00000000,nosym,afm,0.652344,0.500000,0.508789
0.02000000,-1.00000000,nosym,triv,0.590820,0.608398,0.597656
0.02000000,-1.00000000,nosym,topo,0.200195,0.496094,0.491211
0.02000000,-1.00000000,nosym,afm,0.616211,0.502930,0.506836
0.04000000,-1.00000000,nosym,triv,0.526367,0.652344,0.596680
0.04000000,-1.00000000,nosym,topo,0.179688,0.492188,0.513672
0.04000000,-1.00000000,nosym,afm,0.711914,0.500000,0.482422
0.06000000,-1.00000000,nosym,triv,0.577148,0.665039,0.636719
0.06000000,-1.00000000,nosym,topo,0.204102,0.512695,0.475586
0.06000000,-1.00000000,nosym,afm,0.585938,0.505859,0.503906
0.08000000,-1.00000000,nosym,triv,0.539062,0.636719,0.538086
0.08000000,-1.00000000,nosym,topo,0.201172,0.517578,0.504883
0.08000000,-1.00000000,nosym,afm,0.706055,0.484375,0.504883
0.10000000,-1.00000000,nosym,triv,0.516602,0.617188,0.561523
0.10000000,-1.00000000,nosym,topo,0.190430,0.522461,0.481445
0.10000000,-1.00000000,nosym,afm,0.720703,0.497070,0.498047
0.12000000,-1.00000000,nosym,triv,0.583984,0.628906,0.665039
0.12000000,-1.00000000,nosym,topo,0.198242,0.513672,0.525391
0.12000000,-1.00000000,nosym,afm,0.741211,0.490234,0.510742
0.14000000,-1.00000000,nosym,triv,0.547852,0.621094,0.645508
0.14000000,-1.00000000,nosym,topo,0.205078,0.509766,0.516602
0.14000000,-1.00000000,nosym,afm,0.756836,0.514648,0.508789
0.16000000,-1.00000000,nosym,triv,0.528320,0.585938,0.652344
0.16000000,-1.00000000,nosym,topo,0.176758,0.506836,0.506836
0.16000000,-1.00000000,nosym,afm,0.747070,0.495117,0.493164
0.18000000,-1.00000000,nosym,triv,0.527344,0.605469,0.584961
0.18000000,-1.00000000,nosym,topo,0.182617,0.512695,0.497070
0.18000000,-1.00000000,nosym,afm,0.483398,0.488281,0.537109
0.20000000,-1.00000000,nosym,triv,0.498047,0.617188,0.586914
0.20000000,-1.00000000,nosym,topo,0.179688,0.519531,0.551758
0.20000000,-1.00000000,nosym,afm,0.750000,0.471680,0.518555
0.22000000,-1.00000000,nosym,triv,0.537109,0.674805,0.556641
0.22000000,-1.00000000,nosym,topo,0.199219,0.493164,0.527344
0.22000000,-1.00000000,nosym,afm,0.673828,0.530273,0.504883
0.24000000,-1.00000000,nosym,triv,0.532227,0.656250,0.546875
0.24000000,-1.00000000,nosym,topo,0.161133,0.466797,0.523438
0.24000000,-1.00000000,nosym,afm,0.721680,0.508789,0.518555
0.26000000,-1.00000000,nosym,triv,0.509766,0.584961,0.617188
0.26000000,-1.00000000,nosym,topo,0.203125,0.509766,0.499023
0.26000000,-1.00000000,nosym,afm,0.735352,0.501953,0.480469
0.28000000,-1.00000000,nosym,triv,0.524414,0.607422,0.655273
0.28000000,-1.00000000,nosym,topo,0.194336,0.509766,0.514648
0.28000000,-1.00000000,nosym,afm,0.775391,0.513672,0.493164
0.30000000,-1.00000000,nosym,triv,0.606445,0.677734,0.648438
0.30000000,-1.00000000,nosym,topo,0.188477,0.501953,0.483398
0.30000000,-1.00000000,nosym,afm,0.731445,0.485352,0.479492
0.32000000,-1.00000000,nosym,triv,0.586914,0.677734,0.638672
0.32000000,-1.00000000,nosym,topo,0.203125,0.524414,0.511719
0.32000000,-1.00000000,nosym,afm,0.654297,0.494141,0.505859
0.34000000,-1.00000000,nosym,triv,0.515625,0.630859,0.625977
0.34000000,-1.00000000,nosym,topo,0.182617,0.516602,0.518555
0.34000000,-1.00000000,nosym,afm,0.679688,0.495117,0.507812
0.36000000,-1.00000000,nosym,triv,0.584961,0.640625,0.651367
0.36000000,-1.00000000,nosym,topo,0.201172,0.487305,0.522461
0.36000000,-1.00000000,nosym,afm,0.769531,0.504883,0.510742
0.38000000,-1.00000000,nosym,triv,0.583984,0.667969,0.612305
0.38000000,-1.00000000,nosym,topo,0.184570,0.525391,0.476562
0.38000000,-1.00000000,nosym,afm,0.717773,0.507812,0.508789
0.40000000,-1.00000000,nosym,triv,0.631836,0.625977,0.592773
0.40000000,-1.00000000,nosym,topo,0.167969,0.501953,0.515625
0.40000000,-1.00000000,nosym,afm,0.719727,0.511719,0.500000
0.42000000,-1.00000000,nosym,triv,0.579102,0.606445,0.605469
0.42000000,-1.00000000,nosym,topo,0.192383,0.503906,0.510742
0.42000000,-1.00000000,nosym,afm,0.743164,0.542969,0.527344
0.44000000,-1.00000000,nosym,triv,0.542969,0.609375,0.625977
0.44000000,-1.00000000,nosym,topo,0.199219,0.475586,0.480469
0.44000000,-1.00000000,nosym,afm,0.638672,0.496094,0.511719
0.46000000,-1.00000000,nosym,triv,0.563477,0.651367,0.642578
0.46000000,-1.00000000,nosym,topo,0.197266,0.490234,0.496094
0.46000000,-1.00000000,nosym,afm,0.718750,0.508789,0.498047
0.48000000,-1.00000000,nosym,triv,0.534180,0.569336,0.573242
0.48000000,-1.00000000,nosym,topo,0.162109,0.500000,0.501953
0.48000000,-1.00000000,nosym,afm,0.669922,0.500000,0.496094
0.50000000,-1.00000000,nosym,triv,0.600586,0.643555,0.590820
0.50000000,-1.00000000,nosym,topo,0.154297,0.490234,0.519531
0.50000000,-1.00000000,nosym,afm,0.751953,0.497070,0.513672
0.52000000,-1.00000000,nosym,triv,0.541992,0.687500,0.573242
0.52000000,-1.00000000,nosym,topo,0.168945,0.511719,0.500000
0.52000000,-1.00000000,nosym,afm,0.716797,0.489258,0.472656
0.54000000,-1.00000000,nosym,triv,0.536133,0.651367,0.553711
0.54000000,-1.00000000,nosym,topo,0.187500,0.502930,0.502930
0.54000000,-1.00000000,nosym,afm,0.655273,0.503906,0.500000
0.56000000,-1.00000000,nosym,triv,0.528320,0.634766,0.591797
0.56000000,-1.00000000,nosym,topo,0.148438,0.499023,0.536133
0.56000000,-1.00000000,nosym,afm,0.750977,0.492188,0.498047
0.58000000,-1.00000000,nosym,triv,0.586914,0.645508,0.599609
0.58000000,-1.00000000,nosym,topo,0.180664,0.500977,0.507812
0.58000000,-1.00000000,nosym,afm,0.662109,0.516602,0.489258
0.60000000,-1.00000000,nosym,triv,0.604492,0.700195,0.629883
0.60000000,-1.00000000,nosym,topo,0.160156,0.476562,0.523438
0.60000000,-1.00000000,nosym,afm,0.773438,0.471680,0.501953
0.62000000,-1.00000000,nosym,triv,0.600586,0.627930,0.652344
0.62000000,-1.00000000,nosym,topo,0.161133,0.512695,0.497070
0.62000000,-1.00000000,nosym,afm,0.700195,0.534180,0.499023
0.64000000,-1.00000000,nosym,triv,0.614258,0.615234,0.583984
0.64000000,-1.00000000,nosym,topo,0.159180,0.500000,0.481445
0.64000000,-1.00000000,nosym,afm,0.707031,0.500000,0.499023
0.66000000,-1.00000000,nosym,triv,0.532227,0.652344,0.609375
0.66000000,-1.00000000,nosym,topo,0.182617,0.486328,0.502930
0.66000000,-1.00000000,nosym,afm,0.739258,0.500000,0.534180
0.68000000,-1.00000000,nosym,triv,0.560547,0.595703,0.655273
0.68000000,-1.00000000,nosym,topo,0.230469,0.512695,0.490234
0.68000000,-1.00000000,nosym,afm,0.750977,0.509766,0.504883
0.70000000,-1.00000000,nosym,triv,0.576172,0.637695,0.626953
0.70000000,-1.00000000,nosym,topo,0.173828,0.486328,0.502930
0.70000000,-1.00000000,nosym,afm,0.753906,0.500000,0.493164
0.72000000,-1.00000000,nosym,triv,0.556641,0.608398,0.654297
0.72000000,-1.00000000,nosym,topo,0.235352,0.494141,0.513672
0.72000000,-1.00000000,nosym,afm,0.729492,0.489258,0.521484
0.74000000,-1.00000000,nosym,triv,0.549805,0.644531,0.662109
0.74000000,-1.00000000,nosym,topo,0.160156,0.500977,0.540039
0.74000000,-1.00000000,nosym,afm,0.731445,0.517578,0.516602
0.76000000,-1.00000000,nosym,triv,0.616211,0.647461,0.640625
0.76000000,-1.00000000,nosym,topo,0.171875,0.466797,0.497070
0.76000000,-1.00000000,nosym,afm,0.745117,0.496094,0.506836
0.78000000,-1.00000000,nosym,triv,0.549805,0.608398,0.560547
0.78000000,-1.00000000,nosym,topo,0.189453,0.504883,0.507812
0.78000000,-1.00000000,nosym,afm,0.637695,0.509766,0.523438
0.80000000,-1.00000000,nosym,triv,0.551758,0.616211,0.635742
0.80000000,-1.00000000,nosym,topo,0.162109,0.489258,0.496094
0.80000000,-1.00000000,nosym,afm,0.663086,0.478516,0.475586
0.82000000,-1.00000000,nosym,triv,0.583984,0.664062,0.628906
0.82000000,-1.00000000,nosym,topo,0.201172,0.523438,0.508789
0.82000000,-1.00000000,nosym,afm,0.661133,0.505859,0.488281
0.84000000,-1.00000000,nosym,triv,0.604492,0.601562,0.625000
0.84000000,-1.00000000,nosym,topo,0.198242,0.473633,0.500977
0.84000000,-1.00000000,nosym,afm,0.631836,0.491211,0.487305
0.86000000,-1.00000000,nosym,triv,0.577148,0.661133,0.647461
0.86000000,-1.00000000,nosym,topo,0.181641,0.507812,0.464844
0.86000000,-1.00000000,nosym,afm,0.678711,0.498047,0.495117
0.88000000,-1.00000000,nosym,triv,0.565430,0.679688,0.622070
0.88000000,-1.00000000,nosym,topo,0.181641,0.472656,0.473633
0.88000000,-1.00000000,nosym,afm,0.796875,0.500977,0.501953
0.90000000,-1.00000000,nosym,triv,0.575195,0.595703,0.645508
0.90000000,-1.00000000,nosym,topo,0.184570,0.490234,0.494141
0.90000000,-1.00000000,nosym,afm,0.729492,0.489258,0.496094
0.92000000,-1.00000000,nosym,triv,0.575195,0.634766,0.644531
0.92000000,-1.00000000,nosym,topo,0.150391,0.518555,0.504883
0.92000000,-1.00000000,nosym,afm,0.625000,0.497070,0.510742
0.94000000,-1.00000000,nosym,triv,0.602539,0.639648,0.649414
0.94000000,-1.00000000,nosym,topo,0.190430,0.521484,0.491211
0.94000000,-1.00000000,nosym,afm,0.638672,0.482422,0.471680
0.96000000,-1.00000000,nosym,triv,0.535156,0.620117,0.576172
0.96000000,-1.00000000,nosym,topo,0.232422,0.530273,0.491211
0.96000000,-1.00000000,nosym,afm,0.663086,0.511719,0.491211
0.98000000,-1.00000000,nosym,triv,0.553711,0.626953,0.641602
0.98000000,-1.00000000,nosym,topo,0.148438,0.463867,0.523438
0.98000000,-1.00000000,nosym,afm,0.620117,0.527344,0.498047
1.00000000,-1.00000000,nosym,triv,0.586914,0.628906,0.612305
1.00000000,-1.00000000,nosym,topo,0.101562,0.495117,0.474609
1.00000000,-1.00000000,nosym,afm,0.692383,0.475586,0.488281
0.00000000,1.00000000,nosym,triv,0.755859,0.754883,0.766602
0.00000000,1.00000000,nosym,topo,0.191406,0.498047,0.516602
0.00000000,1.00000000,nosym,afm,0.586914,0.494141,0.500000
0.02000000,1.00000000,nosym,triv,0.596680,0.595703,0.621094
0.02000000,1.00000000,nosym,topo,0.171875,0.517578,0.482422
0.02000000,1.00000000,nosym,afm,0.634766,0.484375,0.488281
0.04000000,1.00000000,nosym,triv,0.610352,0.621094,0.606445
0.04000000,1.00000000,nosym,topo,0.174805,0.509766,0.506836
0.04000000,1.00000000,nosym,afm,0.592773,0.469727,0.488281
0.06000000,1.00000000,nosym,triv,0.596680,0.640625,0.646484
0.06000000,1.00000000,nosym,topo,0.182617,0.500000,0.483398
0.06000000,1.00000000,nosym,afm,0.559570,0.521484,0.489258
0.08000000,1.00000000,nosym,triv,0.559570,0.600586,0.594727
0.08000000,1.00000000,nosym,topo,0.178711,0.486328,0.503906
0.08000000,1.00000000,nosym,afm,0.645508,0.500000,0.480469
0.10000000,1.00000000,nosym,triv,0.573242,0.596680,0.609375
0.10000000,1.00000000,nosym,topo,0.193359,0.498047,0.510742
0.10000000,1.00000000,nosym,afm,0.749023,0.512695,0.524414
0.12000000,1.00000000,nosym,triv,0.572266,0.590820,0.600586
0.12000000,1.00000000,nosym,topo,0.207031,0.500977,0.483398
0.12000000,1.00000000,nosym,afm,0.625000,0.504883,0.488281
0.14000000,1.00000000,nosym,triv,0.621094,0.635742,0.616211
0.14000000,1.00000000,nosym,topo,0.205078,0.536133,0.511719
0.14000000,1.00000000,nosym,afm,0.608398,0.514648,0.500977
0.16000000,1.00000000,nosym,triv,0.546875,0.641602,0.618164
0.16000000,1.00000000,nosym,topo,0.169922,0.474609,0.502930
0.16000000,1.00000000,nosym,afm,0.747070,0.494141,0.475586
0.18000000,1.00000000,nosym,triv,0.541016,0.605469,0.598633
0.18000000,1.00000000,nosym,topo,0.197266,0.494141,0.529297
0.18000000,1.00000000,nosym,afm,0.591797,0.499023,0.495117
0.20000000,1.00000000,nosym,triv,0.591797,0.611328,0.610352
0.20000000,1.00000000,nosym,topo,0.182617,0.507812,0.495117
0.20000000,1.00000000,nosym,afm,0.721680,0.508789,0.504883
0.22000000,1.00000000,nosym,triv,0.577148,0.616211,0.609375
0.22000000,1.00000000,nosym,topo,0.168945,0.491211,0.506836
0.22000000,1.00000000,nosym,afm,0.787109,0.487305,0.500977
0.24000000,1.00000000,nosym,triv,0.615234,0.613281,0.594727
0.24000000,1.00000000,nosym,topo,0.202148,0.514648,0.494141
0.24000000,1.00000000,nosym,afm,0.717773,0.495117,0.488281
0.26000000,1.00000000,nosym,triv,0.625977,0.588867,0.612305
0.26000000,1.00000000,nosym,topo,0.176758,0.504883,0.512695
0.26000000,1.00000000,nosym,afm,0.761719,0.517578,0.494141
0.28000000,1.00000000,nosym,triv,0.594727,0.622070,0.607422
0.28000000,1.00000000,nosym,topo,0.212891,0.492188,0.537109
0.28000000,1.00000000,nosym,afm,0.738281,0.515625,0.469727
0.30000000,1.00000000,nosym,triv,0.620117,0.604492,0.621094
0.30000000,1.00000000,nosym,topo,0.193359,0.487305,0.505859
0.30000000,1.00000000,nosym,afm,0.754883,0.493164,0.485352
0.32000000,1.00000000,nosym,triv,0.610352,0.587891,0.551758
0.32000000,1.00000000,nosym,topo,0.164062,0.511719,0.508789
0.32000000,1.00000000,nosym,afm,0.618164,0.516602,0.526367
0.34000000,1.00000000,nosym,triv,0.620117,0.618164,0.615234
0.34000000,1.00000000,nosym,topo,0.151367,0.485352,0.520508
0.34000000,1.00000000,nosym,afm,0.772461,0.503906,0.500977
0.36000000,1.00000000,nosym,triv,0.581055,0.623047,0.607422
0.36000000,1.00000000,nosym,topo,0.197266,0.501953,0.485352
0.36000000,1.00000000,nosym,afm,0.769531,0.499023,0.507812
0.38000000,1.00000000,nosym,triv,0.610352,0.594727,0.563477
0.38000000,1.00000000,nosym,topo,0.196289,0.500000,0.475586
0.38000000,1.00000000,nosym,afm,0.722656,0.501953,0.489258
0.40000000,1.00000000,nosym,triv,0.553711,0.597656,0.603516
0.40000000,1.00000000,nosym,topo,0.184570,0.477539,0.493164
0.40000000,1.00000000,nosym,afm,0.761719,0.480469,0.517578
0.42000000,1.00000000,nosym,triv,0.600586,0.604492,0.609375
0.42000000,1.00000000,nosym,topo,0.179688,0.485352,0.497070
0.42000000,1.00000000,nosym,afm,0.660156,0.498047,0.537109
0.44000000,1.00000000,nosym,triv,0.597656,0.632812,0.600586
0.44000000,1.00000000,nosym,topo,0.183594,0.508789,0.491211
0.44000000,1.00000000,nosym,afm,0.553711,0.484375,0.492188
0.46000000,1.00000000,nosym,triv,0.598633,0.601562,0.579102
0.46000000,1.00000000,nosym,topo,0.230469,0.531250,0.499023
0.46000000,1.00000000,nosym,afm,0.621094,0.494141,0.503906
0.48000000,1.00000000,nosym,triv,0.610352,0.626953,0.583984
0.48000000,1.00000000,nosym,topo,0.178711,0.484375,0.468750
0.48000000,1.00000000,nosym,afm,0.728516,0.496094,0.509766
0.50000000,1.00000000,nosym,triv,0.587891,0.588867,0.589844
0.50000000,1.00000000,nosym,topo,0.215820,0.490234,0.484375
0.50000000,1.00000000,nosym,afm,0.736328,0.492188,0.496094
0.52000000,1.00000000,nosym,triv,0.635742,0.626953,0.615234
0.52000000,1.00000000,nosym,topo,0.240234,0.514648,0.485352
0.52000000,1.00000000,nosym,afm,0.752930,0.516602,0.486328
0.54000000,1.00000000,nosym,triv,0.618164,0.653320,0.606445
0.54000000,1.00000000,nosym,topo,0.209961,0.516602,0.502930
0.54000000,1.00000000,nosym,afm,0.747070,0.499023,0.517578
0.56000000,1.00000000,nosym,triv,0.604492,0.643555,0.609375
0.56000000,1.00000000,nosym,topo,0.195312,0.479492,0.492188
0.56000000,1.00000000,nosym,afm,0.750977,0.506836,0.527344
0.58000000,1.00000000,nosym,triv,0.598633,0.624023,0.618164
0.58000000,1.00000000,nosym,topo,0.191406,0.485352,0.497070
0.58000000,1.00000000,nosym,afm,0.737305,0.507812,0.475586
0.60000000,1.00000000,nosym,triv,0.621094,0.625977,0.614258
0.60000000,1.00000000,nosym,topo,0.158203,0.487305,0.532227
0.60000000,1.00000000,nosym,afm,0.709961,0.485352,0.507812
0.62000000,1.00000000,nosym,triv,0.587891,0.639648,0.624023
0.62000000,1.00000000,nosym,topo,0.182617,0.488281,0.489258
0.62000000,1.00000000,nosym,afm,0.721680,0.500000,0.498047
0.64000000,1.00000000,nosym,triv,0.646484,0.614258,0.611328
0.64000000,1.00000000,nosym,topo,0.186523,0.490234,0.498047
0.64000000,1.00000000,nosym,afm,0.761719,0.512695,0.491211
0.66000000,1.00000000,nosym,triv,0.577148,0.609375,0.637695
0.66000000,1.00000000,nosym,topo,0.184570,0.507812,0.492188
0.66000000,1.00000000,nosym,afm,0.775391,0.512695,0.507812
0.68000000,1.00000000,nosym,triv,0.586914,0.634766,0.613281
0.68000000,1.00000000,nosym,topo,0.187500,0.469727,0.505859
0.68000000,1.00000000,nosym,afm,0.704102,0.522461,0.494141
0.70000000,1.00000000,nosym,triv,0.547852,0.636719,0.594727
0.70000000,1.00000000,nosym,topo,0.135742,0.501953,0.492188
0.70000000,1.00000000,nosym,afm,0.780273,0.513672,0.519531
0.72000000,1.00000000,nosym,triv,0.609375,0.594727,0.592773
0.72000000,1.00000000,nosym,topo,0.182617,0.484375,0.509766
0.72000000,1.00000000,nosym,afm,0.753906,0.493164,0.513672
0.74000000,1.00000000,nosym,triv,0.625977,0.637695,0.634766
0.74000000,1.00000000,nosym,topo,0.172852,0.520508,0.508789
0.74000000,1.00000000,nosym,afm,0.788086,0.476562,0.475586
0.76000000,1.00000000,nosym,triv,0.572266,0.611328,0.639648
0.76000000,1.00000000,nosym,topo,0.178711,0.483398,0.508789
0.76000000,1.00000000,nosym,afm,0.752930,0.500000,0.513672
0.78000000,1.00000000,nosym,triv,0.568359,0.625000,0.560547
0.78000000,1.00000000,nosym,topo,0.192383,0.504883,0.497070
0.78000000,1.00000000,nosym,afm,0.732422,0.485352,0.498047
0.80000000,1.00000000,nosym,triv,0.578125,0.617188,0.603516
0.80000000,1.00000000,nosym,topo,0.183594,0.506836,0.503906
0.80000000,1.00000000,nosym,afm,0.752930,0.500977,0.507812
0.82000000,1.00000000,nosym,triv,0.604492,0.640625,0.643555
0.82000000,1.00000000,nosym,topo,0.199219,0.485352,0.509766
0.82000000,1.00000000,nosym,afm,0.708008,0.472656,0.495117
0.84000000,1.00000000,nosym,triv,0.630859,0.643555,0.585938
0.84000000,1.00000000,nosym,topo,0.181641,0.469727,0.487305
0.84000000,1.00000000,nosym,afm,0.721680,0.514648,0.503906
0.86000000,1.00000000,nosym,triv,0.621094,0.612305,0.599609
0.86000000,1.00000000,nosym,topo,0.168945,0.479492,0.500000
0.86000000,1.00000000,nosym,afm,0.722656,0.485352,0.505859
0.88000000,1.00000000,nosym,triv,0.606445,0.617188,0.627930
0.88000000,1.00000000,nosym,topo,0.197266,0.494141,0.497070
0.88000000,1.00000000,nosym,afm,0.694336,0.505859,0.469727
0.90000000,1.00000000,nosym,triv,0.593750,0.579102,0.526367
0.90000000,1.00000000,nosym,topo,0.221680,0.487305,0.502930
0.90000000,1.00000000,nosym,afm,0.726562,0.493164,0.504883
0.92000000,1.00000000,nosym,triv,0.590820,0.648438,0.639648
0.92000000,1.00000000,nosym,topo,0.195312,0.492188,0.494141
0.92000000,1.00000000,nosym,afm,0.740234,0.495117,0.507812
0.94000000,1.00000000,nosym,triv,0.577148,0.628906,0.642578
0.94000000,1.00000000,nosym,topo,0.167969,0.496094,0.506836
0.94000000,1.00000000,nosym,afm,0.728516,0.478516,0.492188
0.96000000,1.00000000,nosym,triv,0.600586,0.610352,0.588867
0.96000000,1.00000000,nosym,topo,0.192383,0.480469,0.535156
0.96000000,1.00000000,nosym,afm,0.738281,0.501953,0.529297
0.98000000,1.00000000,nosym,triv,0.605469,0.636719,0.624023
0.98000000,1.00000000,nosym,topo,0.178711,0.511719,0.500977
0.98000000,1.00000000,nosym,afm,0.740234,0.478516,0.492188
1.00000000,1.00000000,nosym,triv,0.591797,0.636719,0.635742
1.00000000,1.00000000,nosym,topo,0.184570,0.491211,0.517578
1.00000000,1.00000000,nosym,afm,0.651367,0.507812,0.501953
