s,delta,O_norm,S_norm,O_str_raw,S_pi_raw
0.00000000,-1.00000000,0.0000000000,0.2610062893,-0.0000000000,2.0880503145
0.02000000,-1.00000000,0.0793388430,0.2144628099,-0.0793388430,1.7157024793
0.04000000,-1.00000000,0.0296846011,0.2096474954,-0.0296846011,1.6771799629
0.06000000,-1.00000000,0.0338409475,0.2140439932,-0.0338409475,1.7123519459
0.08000000,-1.00000000,0.0434782609,0.2269021739,-0.0434782609,1.8152173913
0.10000000,-1.00000000,0.0529300567,0.2060491493,-0.0529300567,1.6483931947
0.12000000,-1.00000000,0.0535117057,0.2119565217,-0.0535117057,1.6956521739
0.14000000,-1.00000000,0.0570409982,0.2116755793,-0.0570409982,1.6934046346
0.16000000,-1.00000000,0.0369685767,0.2171903882,-0.0369685767,1.7375231054
0.18000000,-1.00000000,0.0444444444,0.2263888889,-0.0444444444,1.8111111111
0.20000000,-1.00000000,0.1098039216,0.2004901961,-0.1098039216,1.6039215686
0.22000000,-1.00000000,0.0872727273,0.2277272727,-0.0872727273,1.8218181818
0.24000000,-1.00000000,0.0954128440,0.2275229358,-0.0954128440,1.8201834862
0.26000000,-1.00000000,0.0306513410,0.2102490421,-0.0306513410,1.6819923372
0.28000000,-1.00000000,0.0372439479,0.2243947858,-0.0372439479,1.7951582868
0.30000000,-1.00000000,0.0128824477,0.2326892110,-0.0128824477,1.8615136876
0.32000000,-1.00000000,0.0199667221,0.2279534110,-0.0199667221,1.8236272879
0.34000000,-1.00000000,0.0530303030,0.2140151515,-0.0530303030,1.7121212121
0.36000000,-1.00000000,0.0467445743,0.2174457429,-0.0467445743,1.7395659432
0.38000000,-1.00000000,0.0401337793,0.2403846154,-0.0401337793,1.9230769231
0.40000000,-1.00000000,0.0494590417,0.2198608964,-0.0494590417,1.7588871716
0.42000000,-1.00000000,0.0741989882,0.2407251265,-0.0741989882,1.9258010118
0.44000000,-1.00000000,0.0503597122,0.2023381295,-0.0503597122,1.6187050360
0.46000000,-1.00000000,0.0623916811,0.2348353553,-0.0623916811,1.8786828423
0.48000000,-1.00000000,0.0511882998,0.2189213894,-0.0511882998,1.7513711152
0.50000000,-1.00000000,0.0585365854,0.2081300813,-0.0585365854,1.6650406504
0.52000000,-1.00000000,0.1657657658,0.2081081081,-0.1657657658,1.6648648649
0.54000000,-1.00000000,0.0582877960,0.2249544627,-0.0582877960,1.7996357013
0.56000000,-1.00000000,0.0295748614,0.2144177449,-0.0295748614,1.7153419593
0.58000000,-1.00000000,0.0665557404,0.2608153078,-0.0665557404,2.0865224626
0.60000000,-1.00000000,0.0452342488,0.2180936995,-0.0452342488,1.7447495961
0.62000000,-1.00000000,-0.0260162602,0.2304878049,0.0260162602,1.8439024390
0.64000000,-1.00000000,0.0699523052,0.2074721781,-0.0699523052,1.6597774245
0.66000000,-1.00000000,0.0660550459,0.2211009174,-0.0660550459,1.7688073394
0.68000000,-1.00000000,0.0696864111,0.2216898955,-0.0696864111,1.7735191638
0.70000000,-1.00000000,0.1016949153,0.2161016949,-0.1016949153,1.7288135593
0.72000000,-1.00000000,0.0995850622,0.1441908714,-0.0995850622,1.1535269710
0.74000000,-1.00000000,0.0355239787,0.1891651865,-0.0355239787,1.5133214920
0.76000000,-1.00000000,0.0380348653,0.2179080824,-0.0380348653,1.7432646593
0.78000000,-1.00000000,-0.0824742268,0.1636597938,0.0824742268,1.3092783505
0.80000000,-1.00000000,-0.0481927711,0.1852409639,0.0481927711,1.4819277108
0.82000000,-1.00000000,-0.0582524272,0.1699029126,0.0582524272,1.3592233010
0.84000000,-1.00000000,-0.0197044335,0.1366995074,0.0197044335,1.0935960591
0.86000000,-1.00000000,0.0000000000,0.1586021505,-0.0000000000,1.2688172043
0.88000000,-1.00000000,0.1290322581,0.1451612903,-0.1290322581,1.1612903226
0.90000000,-1.00000000,0.0846560847,0.1746031746,-0.0846560847,1.3968253968
0.92000000,-1.00000000,-0.1818181818,0.1558441558,0.1818181818,1.2467532468
0.94000000,-1.00000000,0.0205128205,0.1474358974,-0.0205128205,1.1794871795
0.96000000,-1.00000000,0.0840336134,0.1250000000,-0.0840336134,1.0000000000
0.98000000,-1.00000000,0.1578947368,0.1480263158,-0.1578947368,1.1842105263
1.00000000,-1.00000000,0.1153846154,0.1514423077,-0.1153846154,1.2115384615
0.00000000,1.00000000,0.0000000000,0.2661498708,-0.0000000000,2.1291989664
0.02000000,1.00000000,0.0458265139,0.2078559738,-0.0458265139,1.6628477905
0.04000000,1.00000000,0.0128000000,0.2408000000,-0.0128000000,1.9264000000
0.06000000,1.00000000,0.0392798691,0.2487725041,-0.0392798691,1.9901800327
0.08000000,1.00000000,0.0279232112,0.2434554974,-0.0279232112,1.9476439791
0.10000000,1.00000000,0.0204429302,0.2704429302,-0.0204429302,2.1635434412
0.12000000,1.00000000,0.0204778157,0.2896757679,-0.0204778157,2.3174061433
0.14000000,1.00000000,0.0440251572,0.3105345912,-0.0440251572,2.4842767296
0.16000000,1.00000000,0.0428571429,0.3075892857,-0.0428571429,2.4607142857
0.18000000,1.00000000,0.0649819495,0.2960288809,-0.0649819495,2.3682310469
0.20000000,1.00000000,0.0066006601,0.3461221122,-0.0066006601,2.7689768977
0.22000000,1.00000000,0.0000000000,0.9503722084,-0.0000000000,7.6029776675
0.24000000,1.00000000,0.0054421769,0.9530612245,-0.0054421769,7.6244897959
0.26000000,1.00000000,0.0102564103,0.9788461538,-0.0102564103,7.8307692308
0.28000000,1.00000000,0.0000000000,0.9500661376,-0.0000000000,7.6005291005
0.30000000,1.00000000,0.0103492885,0.9214100906,-0.0103492885,7.3712807245
0.32000000,1.00000000,0.0192000000,0.3820000000,-0.0192000000,3.0560000000
0.34000000,1.00000000,0.0050568900,0.9541719343,-0.0050568900,7.6333754741
0.36000000,1.00000000,0.0152284264,0.9714467005,-0.0152284264,7.7715736041
0.38000000,1.00000000,0.0108108108,0.8858108108,-0.0108108108,7.0864864865
0.40000000,1.00000000,0.0153846154,0.9448717949,-0.0153846154,7.5589743590
0.42000000,1.00000000,0.0059171598,0.9252958580,-0.0059171598,7.4023668639
0.44000000,1.00000000,0.0141093474,0.8672839506,-0.0141093474,6.9382716049
0.46000000,1.00000000,0.0251572327,0.8270440252,-0.0251572327,6.6163522013
0.48000000,1.00000000,0.0107238606,0.8800268097,-0.0107238606,7.0402144772
0.50000000,1.00000000,0.0053050398,0.9025198939,-0.0053050398,7.2201591512
0.52000000,1.00000000,0.0103761349,0.9004539559,-0.0103761349,7.2036316472
0.54000000,1.00000000,0.0313725490,0.9228758170,-0.0313725490,7.3830065359
0.56000000,1.00000000,0.0052015605,0.8862158648,-0.0052015605,7.0897269181
0.58000000,1.00000000,0.0052980132,0.8778145695,-0.0052980132,7.0225165563
0.60000000,1.00000000,0.0220082531,0.8720770289,-0.0220082531,6.9766162311
0.62000000,1.00000000,0.0216508796,0.8880243572,-0.0216508796,7.1041948579
0.64000000,1.00000000,0.0051282051,0.9538461538,-0.0051282051,7.6307692308
0.66000000,1.00000000,0.0100755668,0.9430100756,-0.0100755668,7.5440806045
0.68000000,1.00000000,0.0221914008,0.8831484050,-0.0221914008,7.0651872399
0.70000000,1.00000000,0.0050062578,0.9242803504,-0.0050062578,7.3942428035
0.72000000,1.00000000,0.0103626943,0.9319948187,-0.0103626943,7.4559585492
0.74000000,1.00000000,0.0049566295,0.9262701363,-0.0049566295,7.4101610905
0.76000000,1.00000000,0.0103761349,0.9309338521,-0.0103761349,7.4474708171
0.78000000,1.00000000,0.0053333333,0.8526666667,-0.0053333333,6.8213333333
0.80000000,1.00000000,0.0155642023,0.8154993515,-0.0155642023,6.5239948119
0.82000000,1.00000000,0.0331034483,0.8848275862,-0.0331034483,7.0786206897
0.84000000,1.00000000,0.0108254398,0.8981732070,-0.0108254398,7.1853856563
0.86000000,1.00000000,0.0216216216,0.8280405405,-0.0216216216,6.6243243243
0.88000000,1.00000000,0.0056258790,0.7725035162,-0.0056258790,6.1800281294
0.90000000,1.00000000,0.0645161290,0.7795698925,-0.0645161290,6.2365591398
0.92000000,1.00000000,0.0105540897,0.8090369393,-0.0105540897,6.4722955145
0.94000000,1.00000000,0.0053619303,0.7788203753,-0.0053619303,6.2305630027
0.96000000,1.00000000,0.0158730159,0.7453703704,-0.0158730159,5.9629629630
0.98000000,1.00000000,0.0369393140,0.6959102902,-0.0369393140,5.5672823219
1.00000000,1.00000000,0.0899550225,0.6173163418,-0.0899550225,4.9385307346
